module_path,category,feature,platform,hex_layer,encapsulation,plugin_applied,source_set,source_set_dir,platform_set,kotlin_loc,kotlin_files
:androidApp,app,,,,,,main,/Users/timotej.adamec/StudioProjects/Snag/.claude/worktrees/phase1-sharing-report/androidApp/src/main,android,35,1
:composeApp,app,,,,,libs.plugins.snag.driving.frontend.multiplatform.module,androidMain,/Users/timotej.adamec/StudioProjects/Snag/.claude/worktrees/phase1-sharing-report/composeApp/src/androidMain,android,0,0
:composeApp,app,,,,,libs.plugins.snag.driving.frontend.multiplatform.module,commonMain,/Users/timotej.adamec/StudioProjects/Snag/.claude/worktrees/phase1-sharing-report/composeApp/src/commonMain,frontend,526,15
:composeApp,app,,,,,libs.plugins.snag.driving.frontend.multiplatform.module,iosMain,/Users/timotej.adamec/StudioProjects/Snag/.claude/worktrees/phase1-sharing-report/composeApp/src/iosMain,ios,5,1
:composeApp,app,,,,,libs.plugins.snag.driving.frontend.multiplatform.module,jvmMain,/Users/timotej.adamec/StudioProjects/Snag/.claude/worktrees/phase1-sharing-report/composeApp/src/jvmMain,jvm_desktop,13,1
:composeApp,app,,,,,libs.plugins.snag.driving.frontend.multiplatform.module,jvmTest,/Users/timotej.adamec/StudioProjects/Snag/.claude/worktrees/phase1-sharing-report/composeApp/src/jvmTest,,32,1
:composeApp,app,,,,,libs.plugins.snag.driving.frontend.multiplatform.module,nonWebMain,/Users/timotej.adamec/StudioProjects/Snag/.claude/worktrees/phase1-sharing-report/composeApp/src/nonWebMain,nonWeb_fe,4,1
:composeApp,app,,,,,libs.plugins.snag.driving.frontend.multiplatform.module,webMain,/Users/timotej.adamec/StudioProjects/Snag/.claude/worktrees/phase1-sharing-report/composeApp/src/webMain,web,77,3
:server,app,,,,,libs.plugins.snag.impl.driving.backend.module,main,/Users/timotej.adamec/StudioProjects/Snag/.claude/worktrees/phase1-sharing-report/server/src/main,backend,452,3
:server,app,,,,,libs.plugins.snag.impl.driving.backend.module,test,/Users/timotej.adamec/StudioProjects/Snag/.claude/worktrees/phase1-sharing-report/server/src/test,,19,1
:koinModulesAggregate:be,infra,,,,,libs.plugins.snag.backend.module,main,/Users/timotej.adamec/StudioProjects/Snag/.claude/worktrees/phase1-sharing-report/koinModulesAggregate/be/src/main,backend,69,1
:koinModulesAggregate:fe,infra,,,,,libs.plugins.snag.frontend.multiplatform.module,commonMain,/Users/timotej.adamec/StudioProjects/Snag/.claude/worktrees/phase1-sharing-report/koinModulesAggregate/fe/src/commonMain,frontend,85,1
:testInfra:be,infra,,,,,libs.plugins.snag.backend.module,main,/Users/timotej.adamec/StudioProjects/Snag/.claude/worktrees/phase1-sharing-report/testInfra/be/src/main,backend,18,1
:testInfra:common,infra,,,,,libs.plugins.snag.multiplatform.module,commonMain,/Users/timotej.adamec/StudioProjects/Snag/.claude/worktrees/phase1-sharing-report/testInfra/common/src/commonMain,all,49,2
:testInfra:fe,infra,,,,,libs.plugins.snag.frontend.multiplatform.module,commonMain,/Users/timotej.adamec/StudioProjects/Snag/.claude/worktrees/phase1-sharing-report/testInfra/fe/src/commonMain,frontend,34,1
:core:foundation:be,core,,be,,,libs.plugins.snag.backend.module,main,/Users/timotej.adamec/StudioProjects/Snag/.claude/worktrees/phase1-sharing-report/core/foundation/be/src/main,backend,7,1
:core:foundation:common,core,,common,,,libs.plugins.snag.multiplatform.module,commonMain,/Users/timotej.adamec/StudioProjects/Snag/.claude/worktrees/phase1-sharing-report/core/foundation/common/src/commonMain,all,131,9
:core:foundation:common,core,,common,,,libs.plugins.snag.multiplatform.module,commonTest,/Users/timotej.adamec/StudioProjects/Snag/.claude/worktrees/phase1-sharing-report/core/foundation/common/src/commonTest,,101,1
:core:foundation:common,core,,common,,,libs.plugins.snag.multiplatform.module,nonWebMain,/Users/timotej.adamec/StudioProjects/Snag/.claude/worktrees/phase1-sharing-report/core/foundation/common/src/nonWebMain,nonWeb_shared,9,1
:core:foundation:common,core,,common,,,libs.plugins.snag.multiplatform.module,webMain,/Users/timotej.adamec/StudioProjects/Snag/.claude/worktrees/phase1-sharing-report/core/foundation/common/src/webMain,web,8,1
:core:foundation:fe,core,,fe,,,libs.plugins.snag.frontend.multiplatform.module,commonMain,/Users/timotej.adamec/StudioProjects/Snag/.claude/worktrees/phase1-sharing-report/core/foundation/fe/src/commonMain,frontend,11,2
:core:network:fe,core,,fe,,,libs.plugins.snag.frontend.multiplatform.module,commonMain,/Users/timotej.adamec/StudioProjects/Snag/.claude/worktrees/phase1-sharing-report/core/network/fe/src/commonMain,frontend,222,9
:core:storage:fe,core,,fe,,,libs.plugins.snag.frontend.multiplatform.module,commonMain,/Users/timotej.adamec/StudioProjects/Snag/.claude/worktrees/phase1-sharing-report/core/storage/fe/src/commonMain,frontend,10,1
:core:storage:fe,core,,fe,,,libs.plugins.snag.frontend.multiplatform.module,nonWebMain,/Users/timotej.adamec/StudioProjects/Snag/.claude/worktrees/phase1-sharing-report/core/storage/fe/src/nonWebMain,nonWeb_fe,10,1
:feat:clients:contract,feat,clients,,,contract,libs.plugins.snag.contract.driving.backend.multiplatform.module,commonMain,/Users/timotej.adamec/StudioProjects/Snag/.claude/worktrees/phase1-sharing-report/feat/clients/contract/src/commonMain,all,32,3
:feat:findings:contract,feat,findings,,,contract,libs.plugins.snag.contract.driving.backend.multiplatform.module,commonMain,/Users/timotej.adamec/StudioProjects/Snag/.claude/worktrees/phase1-sharing-report/feat/findings/contract/src/commonMain,all,66,4
:feat:inspections:contract,feat,inspections,,,contract,libs.plugins.snag.contract.driving.backend.multiplatform.module,commonMain,/Users/timotej.adamec/StudioProjects/Snag/.claude/worktrees/phase1-sharing-report/feat/inspections/contract/src/commonMain,all,37,3
:feat:projects:contract,feat,projects,,,contract,libs.plugins.snag.contract.driving.backend.multiplatform.module,commonMain,/Users/timotej.adamec/StudioProjects/Snag/.claude/worktrees/phase1-sharing-report/feat/projects/contract/src/commonMain,all,66,6
:feat:reports:contract,feat,reports,,,contract,libs.plugins.snag.contract.driving.backend.multiplatform.module,commonMain,/Users/timotej.adamec/StudioProjects/Snag/.claude/worktrees/phase1-sharing-report/feat/reports/contract/src/commonMain,all,5,1
:feat:structures:contract,feat,structures,,,contract,libs.plugins.snag.contract.driving.backend.multiplatform.module,commonMain,/Users/timotej.adamec/StudioProjects/Snag/.claude/worktrees/phase1-sharing-report/feat/structures/contract/src/commonMain,all,31,3
:feat:users:contract,feat,users,,,contract,libs.plugins.snag.contract.driving.backend.multiplatform.module,commonMain,/Users/timotej.adamec/StudioProjects/Snag/.claude/worktrees/phase1-sharing-report/feat/users/contract/src/commonMain,all,19,2
:lib:database:fe,lib,,fe,,,libs.plugins.snag.frontend.multiplatform.module,androidMain,/Users/timotej.adamec/StudioProjects/Snag/.claude/worktrees/phase1-sharing-report/lib/database/fe/src/androidMain,android,17,1
:lib:database:fe,lib,,fe,,,libs.plugins.snag.frontend.multiplatform.module,commonMain,/Users/timotej.adamec/StudioProjects/Snag/.claude/worktrees/phase1-sharing-report/lib/database/fe/src/commonMain,frontend,164,5
:lib:database:fe,lib,,fe,,,libs.plugins.snag.frontend.multiplatform.module,iosMain,/Users/timotej.adamec/StudioProjects/Snag/.claude/worktrees/phase1-sharing-report/lib/database/fe/src/iosMain,ios,15,1
:lib:database:fe,lib,,fe,,,libs.plugins.snag.frontend.multiplatform.module,jvmMain,/Users/timotej.adamec/StudioProjects/Snag/.claude/worktrees/phase1-sharing-report/lib/database/fe/src/jvmMain,jvm_desktop,15,1
:lib:database:fe,lib,,fe,,,libs.plugins.snag.frontend.multiplatform.module,webMain,/Users/timotej.adamec/StudioProjects/Snag/.claude/worktrees/phase1-sharing-report/lib/database/fe/src/webMain,web,10,1
:lib:design:fe,lib,,fe,,,libs.plugins.snag.driving.frontend.multiplatform.module,androidMain,/Users/timotej.adamec/StudioProjects/Snag/.claude/worktrees/phase1-sharing-report/lib/design/fe/src/androidMain,android,7,1
:lib:design:fe,lib,,fe,,,libs.plugins.snag.driving.frontend.multiplatform.module,commonMain,/Users/timotej.adamec/StudioProjects/Snag/.claude/worktrees/phase1-sharing-report/lib/design/fe/src/commonMain,frontend,1243,34
:lib:design:fe,lib,,fe,,,libs.plugins.snag.driving.frontend.multiplatform.module,commonTest,/Users/timotej.adamec/StudioProjects/Snag/.claude/worktrees/phase1-sharing-report/lib/design/fe/src/commonTest,,171,1
:lib:design:fe,lib,,fe,,,libs.plugins.snag.driving.frontend.multiplatform.module,jvmMain,/Users/timotej.adamec/StudioProjects/Snag/.claude/worktrees/phase1-sharing-report/lib/design/fe/src/jvmMain,jvm_desktop,19,2
:lib:design:fe,lib,,fe,,,libs.plugins.snag.driving.frontend.multiplatform.module,nonAndroidMain,/Users/timotej.adamec/StudioProjects/Snag/.claude/worktrees/phase1-sharing-report/lib/design/fe/src/nonAndroidMain,nonAndroid_fe,9,1
:lib:design:fe,lib,,fe,,,libs.plugins.snag.driving.frontend.multiplatform.module,nonJvmMain,/Users/timotej.adamec/StudioProjects/Snag/.claude/worktrees/phase1-sharing-report/lib/design/fe/src/nonJvmMain,nonJvm,3,1
:lib:routing:be,lib,,be,,,libs.plugins.snag.impl.driving.backend.module,main,/Users/timotej.adamec/StudioProjects/Snag/.claude/worktrees/phase1-sharing-report/lib/routing/be/src/main,backend,21,4
:lib:routing:common,lib,,common,,,libs.plugins.snag.multiplatform.module,commonMain,/Users/timotej.adamec/StudioProjects/Snag/.claude/worktrees/phase1-sharing-report/lib/routing/common/src/commonMain,all,2,1
:lib:routing:fe,lib,,fe,,,libs.plugins.snag.driving.frontend.multiplatform.module,commonMain,/Users/timotej.adamec/StudioProjects/Snag/.claude/worktrees/phase1-sharing-report/lib/routing/fe/src/commonMain,frontend,46,3
:lib:routing:fe,lib,,fe,,,libs.plugins.snag.driving.frontend.multiplatform.module,webMain,/Users/timotej.adamec/StudioProjects/Snag/.claude/worktrees/phase1-sharing-report/lib/routing/fe/src/webMain,web,5,1
:lib:storage:contract,lib,,,,contract,libs.plugins.snag.contract.driving.backend.multiplatform.module,commonMain,/Users/timotej.adamec/StudioProjects/Snag/.claude/worktrees/phase1-sharing-report/lib/storage/contract/src/commonMain,all,11,2
:core:business:rules:api,core,,,,api,libs.plugins.snag.multiplatform.module,commonMain,/Users/timotej.adamec/StudioProjects/Snag/.claude/worktrees/phase1-sharing-report/core/business/rules/api/src/commonMain,all,8,2
:core:business:rules:impl,core,,,,impl,libs.plugins.snag.multiplatform.module,commonMain,/Users/timotej.adamec/StudioProjects/Snag/.claude/worktrees/phase1-sharing-report/core/business/rules/impl/src/commonMain,all,30,3
:core:business:rules:impl,core,,,,impl,libs.plugins.snag.multiplatform.module,commonTest,/Users/timotej.adamec/StudioProjects/Snag/.claude/worktrees/phase1-sharing-report/core/business/rules/impl/src/commonTest,,130,2
:feat:authentication:app:model,feat,authentication,,app,,libs.plugins.snag.multiplatform.module,commonMain,/Users/timotej.adamec/StudioProjects/Snag/.claude/worktrees/phase1-sharing-report/feat/authentication/app/model/src/commonMain,all,4,1
:feat:authentication:fe:ports,feat,authentication,fe,ports,,libs.plugins.snag.frontend.multiplatform.module,commonMain,/Users/timotej.adamec/StudioProjects/Snag/.claude/worktrees/phase1-sharing-report/feat/authentication/fe/ports/src/commonMain,frontend,17,2
:feat:authorization:business:model,feat,authorization,,business,,libs.plugins.snag.multiplatform.module,commonMain,/Users/timotej.adamec/StudioProjects/Snag/.claude/worktrees/phase1-sharing-report/feat/authorization/business/model/src/commonMain,all,8,1
:feat:clients:app:model,feat,clients,,app,,libs.plugins.snag.multiplatform.module,commonMain,/Users/timotej.adamec/StudioProjects/Snag/.claude/worktrees/phase1-sharing-report/feat/clients/app/model/src/commonMain,all,16,1
:feat:clients:be:ports,feat,clients,be,ports,,libs.plugins.snag.backend.module,main,/Users/timotej.adamec/StudioProjects/Snag/.claude/worktrees/phase1-sharing-report/feat/clients/be/ports/src/main,backend,14,1
:feat:clients:business:model,feat,clients,,business,,libs.plugins.snag.multiplatform.module,commonMain,/Users/timotej.adamec/StudioProjects/Snag/.claude/worktrees/phase1-sharing-report/feat/clients/business/model/src/commonMain,all,9,1
:feat:clients:business:rules,feat,clients,,business,,libs.plugins.snag.multiplatform.module,commonMain,/Users/timotej.adamec/StudioProjects/Snag/.claude/worktrees/phase1-sharing-report/feat/clients/business/rules/src/commonMain,all,19,2
:feat:clients:business:rules,feat,clients,,business,,libs.plugins.snag.multiplatform.module,commonTest,/Users/timotej.adamec/StudioProjects/Snag/.claude/worktrees/phase1-sharing-report/feat/clients/business/rules/src/commonTest,,56,2
:feat:clients:fe:ports,feat,clients,fe,ports,,libs.plugins.snag.frontend.multiplatform.module,commonMain,/Users/timotej.adamec/StudioProjects/Snag/.claude/worktrees/phase1-sharing-report/feat/clients/fe/ports/src/commonMain,frontend,35,2
:feat:findings:app:model,feat,findings,,app,,libs.plugins.snag.multiplatform.module,commonMain,/Users/timotej.adamec/StudioProjects/Snag/.claude/worktrees/phase1-sharing-report/feat/findings/app/model/src/commonMain,all,33,2
:feat:findings:be:ports,feat,findings,be,ports,,libs.plugins.snag.backend.module,main,/Users/timotej.adamec/StudioProjects/Snag/.claude/worktrees/phase1-sharing-report/feat/findings/be/ports/src/main,backend,32,2
:feat:findings:business:model,feat,findings,,business,,libs.plugins.snag.multiplatform.module,commonMain,/Users/timotej.adamec/StudioProjects/Snag/.claude/worktrees/phase1-sharing-report/feat/findings/business/model/src/commonMain,all,67,6
:feat:findings:fe:ports,feat,findings,fe,ports,,libs.plugins.snag.frontend.multiplatform.module,commonMain,/Users/timotej.adamec/StudioProjects/Snag/.claude/worktrees/phase1-sharing-report/feat/findings/fe/ports/src/commonMain,frontend,91,4
:feat:inspections:app:model,feat,inspections,,app,,libs.plugins.snag.multiplatform.module,commonMain,/Users/timotej.adamec/StudioProjects/Snag/.claude/worktrees/phase1-sharing-report/feat/inspections/app/model/src/commonMain,all,18,1
:feat:inspections:be:ports,feat,inspections,be,ports,,libs.plugins.snag.backend.module,main,/Users/timotej.adamec/StudioProjects/Snag/.claude/worktrees/phase1-sharing-report/feat/inspections/be/ports/src/main,backend,17,1
:feat:inspections:business:model,feat,inspections,,business,,libs.plugins.snag.multiplatform.module,commonMain,/Users/timotej.adamec/StudioProjects/Snag/.claude/worktrees/phase1-sharing-report/feat/inspections/business/model/src/commonMain,all,12,1
:feat:inspections:fe:ports,feat,inspections,fe,ports,,libs.plugins.snag.frontend.multiplatform.module,commonMain,/Users/timotej.adamec/StudioProjects/Snag/.claude/worktrees/phase1-sharing-report/feat/inspections/fe/ports/src/commonMain,frontend,38,2
:feat:projects:app:model,feat,projects,,app,,libs.plugins.snag.multiplatform.module,commonMain,/Users/timotej.adamec/StudioProjects/Snag/.claude/worktrees/phase1-sharing-report/feat/projects/app/model/src/commonMain,all,32,2
:feat:projects:be:ports,feat,projects,be,ports,,libs.plugins.snag.backend.module,main,/Users/timotej.adamec/StudioProjects/Snag/.claude/worktrees/phase1-sharing-report/feat/projects/be/ports/src/main,backend,45,3
:feat:projects:business:model,feat,projects,,business,,libs.plugins.snag.multiplatform.module,commonMain,/Users/timotej.adamec/StudioProjects/Snag/.claude/worktrees/phase1-sharing-report/feat/projects/business/model/src/commonMain,all,18,2
:feat:projects:business:rules,feat,projects,,business,,libs.plugins.snag.multiplatform.module,commonMain,/Users/timotej.adamec/StudioProjects/Snag/.claude/worktrees/phase1-sharing-report/feat/projects/business/rules/src/commonMain,all,67,5
:feat:projects:business:rules,feat,projects,,business,,libs.plugins.snag.multiplatform.module,commonTest,/Users/timotej.adamec/StudioProjects/Snag/.claude/worktrees/phase1-sharing-report/feat/projects/business/rules/src/commonTest,,324,5
:feat:projects:fe:ports,feat,projects,fe,ports,,libs.plugins.snag.frontend.multiplatform.module,commonMain,/Users/timotej.adamec/StudioProjects/Snag/.claude/worktrees/phase1-sharing-report/feat/projects/fe/ports/src/commonMain,frontend,96,5
:feat:reports:be:ports,feat,reports,be,ports,,libs.plugins.snag.backend.module,main,/Users/timotej.adamec/StudioProjects/Snag/.claude/worktrees/phase1-sharing-report/feat/reports/be/ports/src/main,backend,21,2
:feat:reports:business:model,feat,reports,,business,,libs.plugins.snag.multiplatform.module,commonMain,/Users/timotej.adamec/StudioProjects/Snag/.claude/worktrees/phase1-sharing-report/feat/reports/business/model/src/commonMain,all,32,2
:feat:reports:business:rules,feat,reports,,business,,libs.plugins.snag.multiplatform.module,commonMain,/Users/timotej.adamec/StudioProjects/Snag/.claude/worktrees/phase1-sharing-report/feat/reports/business/rules/src/commonMain,all,45,3
:feat:reports:business:rules,feat,reports,,business,,libs.plugins.snag.multiplatform.module,commonTest,/Users/timotej.adamec/StudioProjects/Snag/.claude/worktrees/phase1-sharing-report/feat/reports/business/rules/src/commonTest,,120,2
:feat:reports:fe:ports,feat,reports,fe,ports,,libs.plugins.snag.frontend.multiplatform.module,commonMain,/Users/timotej.adamec/StudioProjects/Snag/.claude/worktrees/phase1-sharing-report/feat/reports/fe/ports/src/commonMain,frontend,11,1
:feat:structures:app:model,feat,structures,,app,,libs.plugins.snag.multiplatform.module,commonMain,/Users/timotej.adamec/StudioProjects/Snag/.claude/worktrees/phase1-sharing-report/feat/structures/app/model/src/commonMain,all,15,1
:feat:structures:be:ports,feat,structures,be,ports,,libs.plugins.snag.backend.module,main,/Users/timotej.adamec/StudioProjects/Snag/.claude/worktrees/phase1-sharing-report/feat/structures/be/ports/src/main,backend,17,1
:feat:structures:business:model,feat,structures,,business,,libs.plugins.snag.multiplatform.module,commonMain,/Users/timotej.adamec/StudioProjects/Snag/.claude/worktrees/phase1-sharing-report/feat/structures/business/model/src/commonMain,all,8,1
:feat:structures:fe:ports,feat,structures,fe,ports,,libs.plugins.snag.frontend.multiplatform.module,commonMain,/Users/timotej.adamec/StudioProjects/Snag/.claude/worktrees/phase1-sharing-report/feat/structures/fe/ports/src/commonMain,frontend,39,2
:feat:sync:business:model,feat,sync,,business,,libs.plugins.snag.multiplatform.module,commonMain,/Users/timotej.adamec/StudioProjects/Snag/.claude/worktrees/phase1-sharing-report/feat/sync/business/model/src/commonMain,all,10,2
:feat:sync:fe:ports,feat,sync,fe,ports,,libs.plugins.snag.frontend.multiplatform.module,commonMain,/Users/timotej.adamec/StudioProjects/Snag/.claude/worktrees/phase1-sharing-report/feat/sync/fe/ports/src/commonMain,frontend,36,3
:feat:users:app:model,feat,users,,app,,libs.plugins.snag.multiplatform.module,commonMain,/Users/timotej.adamec/StudioProjects/Snag/.claude/worktrees/phase1-sharing-report/feat/users/app/model/src/commonMain,all,18,1
:feat:users:be:ports,feat,users,be,ports,,libs.plugins.snag.backend.module,main,/Users/timotej.adamec/StudioProjects/Snag/.claude/worktrees/phase1-sharing-report/feat/users/be/ports/src/main,backend,13,1
:feat:users:business:model,feat,users,,business,,libs.plugins.snag.multiplatform.module,commonMain,/Users/timotej.adamec/StudioProjects/Snag/.claude/worktrees/phase1-sharing-report/feat/users/business/model/src/commonMain,all,8,1
:feat:users:business:rules,feat,users,,business,,libs.plugins.snag.multiplatform.module,commonMain,/Users/timotej.adamec/StudioProjects/Snag/.claude/worktrees/phase1-sharing-report/feat/users/business/rules/src/commonMain,all,34,1
:feat:users:business:rules,feat,users,,business,,libs.plugins.snag.multiplatform.module,commonTest,/Users/timotej.adamec/StudioProjects/Snag/.claude/worktrees/phase1-sharing-report/feat/users/business/rules/src/commonTest,,68,1
:feat:users:fe:ports,feat,users,fe,ports,,libs.plugins.snag.frontend.multiplatform.module,commonMain,/Users/timotej.adamec/StudioProjects/Snag/.claude/worktrees/phase1-sharing-report/feat/users/fe/ports/src/commonMain,frontend,28,2
:lib:configuration:be:api,lib,,be,,api,libs.plugins.snag.backend.module,main,/Users/timotej.adamec/StudioProjects/Snag/.claude/worktrees/phase1-sharing-report/lib/configuration/be/api/src/main,backend,20,1
:lib:configuration:common:api,lib,,common,,api,libs.plugins.snag.multiplatform.module,commonMain,/Users/timotej.adamec/StudioProjects/Snag/.claude/worktrees/phase1-sharing-report/lib/configuration/common/api/src/commonMain,all,9,1
:lib:configuration:fe:api,lib,,fe,,api,libs.plugins.snag.multiplatform.module,commonMain,/Users/timotej.adamec/StudioProjects/Snag/.claude/worktrees/phase1-sharing-report/lib/configuration/fe/api/src/commonMain,frontend,22,2
:lib:configuration:fe:api,lib,,fe,,api,libs.plugins.snag.multiplatform.module,jvmMain,/Users/timotej.adamec/StudioProjects/Snag/.claude/worktrees/phase1-sharing-report/lib/configuration/fe/api/src/jvmMain,jvm_desktop,4,1
:lib:configuration:fe:api,lib,,fe,,api,libs.plugins.snag.multiplatform.module,mobileMain,/Users/timotej.adamec/StudioProjects/Snag/.claude/worktrees/phase1-sharing-report/lib/configuration/fe/api/src/mobileMain,mobile,4,1
:lib:configuration:fe:api,lib,,fe,,api,libs.plugins.snag.multiplatform.module,webMain,/Users/timotej.adamec/StudioProjects/Snag/.claude/worktrees/phase1-sharing-report/lib/configuration/fe/api/src/webMain,web,4,1
:lib:database:fe:test,lib,,fe,,test,libs.plugins.snag.frontend.multiplatform.module,commonMain,/Users/timotej.adamec/StudioProjects/Snag/.claude/worktrees/phase1-sharing-report/lib/database/fe/test/src/commonMain,frontend,65,1
:lib:network:be:api,lib,,be,,api,libs.plugins.snag.backend.module,main,/Users/timotej.adamec/StudioProjects/Snag/.claude/worktrees/phase1-sharing-report/lib/network/be/api/src/main,backend,11,2
:lib:network:be:impl,lib,,be,,impl,libs.plugins.snag.impl.driving.backend.module,main,/Users/timotej.adamec/StudioProjects/Snag/.claude/worktrees/phase1-sharing-report/lib/network/be/impl/src/main,backend,146,6
:lib:network:be:test,lib,,be,,test,libs.plugins.snag.backend.module,main,/Users/timotej.adamec/StudioProjects/Snag/.claude/worktrees/phase1-sharing-report/lib/network/be/test/src/main,backend,8,1
:lib:network:common:impl,lib,,common,,impl,libs.plugins.snag.multiplatform.module,commonMain,/Users/timotej.adamec/StudioProjects/Snag/.claude/worktrees/phase1-sharing-report/lib/network/common/impl/src/commonMain,all,11,1
:lib:network:fe:api,lib,,fe,,api,libs.plugins.snag.frontend.multiplatform.module,commonMain,/Users/timotej.adamec/StudioProjects/Snag/.claude/worktrees/phase1-sharing-report/lib/network/fe/api/src/commonMain,frontend,40,3
:lib:network:fe:impl,lib,,fe,,impl,libs.plugins.snag.network.frontend.multiplatform.module,commonMain,/Users/timotej.adamec/StudioProjects/Snag/.claude/worktrees/phase1-sharing-report/lib/network/fe/impl/src/commonMain,frontend,275,9
:lib:network:fe:impl,lib,,fe,,impl,libs.plugins.snag.network.frontend.multiplatform.module,commonTest,/Users/timotej.adamec/StudioProjects/Snag/.claude/worktrees/phase1-sharing-report/lib/network/fe/impl/src/commonTest,,132,1
:lib:network:fe:impl,lib,,fe,,impl,libs.plugins.snag.network.frontend.multiplatform.module,jsMain,/Users/timotej.adamec/StudioProjects/Snag/.claude/worktrees/phase1-sharing-report/lib/network/fe/impl/src/jsMain,js,31,2
:lib:network:fe:impl,lib,,fe,,impl,libs.plugins.snag.network.frontend.multiplatform.module,nonWebMain,/Users/timotej.adamec/StudioProjects/Snag/.claude/worktrees/phase1-sharing-report/lib/network/fe/impl/src/nonWebMain,nonWeb_fe,36,3
:lib:network:fe:impl,lib,,fe,,impl,libs.plugins.snag.network.frontend.multiplatform.module,wasmJsMain,/Users/timotej.adamec/StudioProjects/Snag/.claude/worktrees/phase1-sharing-report/lib/network/fe/impl/src/wasmJsMain,wasmJs,50,2
:lib:network:fe:impl,lib,,fe,,impl,libs.plugins.snag.network.frontend.multiplatform.module,webMain,/Users/timotej.adamec/StudioProjects/Snag/.claude/worktrees/phase1-sharing-report/lib/network/fe/impl/src/webMain,web,62,5
:lib:network:fe:test,lib,,fe,,test,libs.plugins.snag.frontend.multiplatform.module,commonMain,/Users/timotej.adamec/StudioProjects/Snag/.claude/worktrees/phase1-sharing-report/lib/network/fe/test/src/commonMain,frontend,95,4
:lib:storage:be:api,lib,,be,,api,libs.plugins.snag.backend.module,main,/Users/timotej.adamec/StudioProjects/Snag/.claude/worktrees/phase1-sharing-report/lib/storage/be/api/src/main,backend,19,3
:lib:storage:be:impl,lib,,be,,impl,libs.plugins.snag.impl.driving.backend.module,main,/Users/timotej.adamec/StudioProjects/Snag/.claude/worktrees/phase1-sharing-report/lib/storage/be/impl/src/main,backend,155,4
:lib:storage:be:impl,lib,,be,,impl,libs.plugins.snag.impl.driving.backend.module,test,/Users/timotej.adamec/StudioProjects/Snag/.claude/worktrees/phase1-sharing-report/lib/storage/be/impl/src/test,,135,1
:lib:storage:be:test,lib,,be,,test,libs.plugins.snag.backend.module,main,/Users/timotej.adamec/StudioProjects/Snag/.claude/worktrees/phase1-sharing-report/lib/storage/be/test/src/main,backend,48,2
:lib:storage:fe:api,lib,,fe,,api,libs.plugins.snag.frontend.multiplatform.module,commonMain,/Users/timotej.adamec/StudioProjects/Snag/.claude/worktrees/phase1-sharing-report/lib/storage/fe/api/src/commonMain,frontend,4,1
:lib:storage:fe:impl,lib,,fe,,impl,libs.plugins.snag.driven.frontend.multiplatform.module,androidMain,/Users/timotej.adamec/StudioProjects/Snag/.claude/worktrees/phase1-sharing-report/lib/storage/fe/impl/src/androidMain,android,16,1
:lib:storage:fe:impl,lib,,fe,,impl,libs.plugins.snag.driven.frontend.multiplatform.module,commonMain,/Users/timotej.adamec/StudioProjects/Snag/.claude/worktrees/phase1-sharing-report/lib/storage/fe/impl/src/commonMain,frontend,72,3
:lib:storage:fe:impl,lib,,fe,,impl,libs.plugins.snag.driven.frontend.multiplatform.module,iosMain,/Users/timotej.adamec/StudioProjects/Snag/.claude/worktrees/phase1-sharing-report/lib/storage/fe/impl/src/iosMain,ios,24,1
:lib:storage:fe:impl,lib,,fe,,impl,libs.plugins.snag.driven.frontend.multiplatform.module,jvmMain,/Users/timotej.adamec/StudioProjects/Snag/.claude/worktrees/phase1-sharing-report/lib/storage/fe/impl/src/jvmMain,jvm_desktop,16,1
:lib:storage:fe:impl,lib,,fe,,impl,libs.plugins.snag.driven.frontend.multiplatform.module,nonWebMain,/Users/timotej.adamec/StudioProjects/Snag/.claude/worktrees/phase1-sharing-report/lib/storage/fe/impl/src/nonWebMain,nonWeb_fe,38,1
:lib:storage:fe:impl,lib,,fe,,impl,libs.plugins.snag.driven.frontend.multiplatform.module,webMain,/Users/timotej.adamec/StudioProjects/Snag/.claude/worktrees/phase1-sharing-report/lib/storage/fe/impl/src/webMain,web,3,1
:lib:storage:fe:test,lib,,fe,,test,libs.plugins.snag.frontend.multiplatform.module,commonMain,/Users/timotej.adamec/StudioProjects/Snag/.claude/worktrees/phase1-sharing-report/lib/storage/fe/test/src/commonMain,frontend,38,2
:lib:storage:fe:test,lib,,fe,,test,libs.plugins.snag.frontend.multiplatform.module,nonWebMain,/Users/timotej.adamec/StudioProjects/Snag/.claude/worktrees/phase1-sharing-report/lib/storage/fe/test/src/nonWebMain,nonWeb_fe,35,2
:lib:storage:fe:test,lib,,fe,,test,libs.plugins.snag.frontend.multiplatform.module,webMain,/Users/timotej.adamec/StudioProjects/Snag/.claude/worktrees/phase1-sharing-report/lib/storage/fe/test/src/webMain,web,3,1
:feat:authentication:be:driving:api,feat,authentication,be,driving,api,libs.plugins.snag.backend.module,main,/Users/timotej.adamec/StudioProjects/Snag/.claude/worktrees/phase1-sharing-report/feat/authentication/be/driving/api/src/main,backend,15,4
:feat:authentication:be:driving:impl,feat,authentication,be,driving,impl,libs.plugins.snag.impl.driving.backend.module,main,/Users/timotej.adamec/StudioProjects/Snag/.claude/worktrees/phase1-sharing-report/feat/authentication/be/driving/impl/src/main,backend,186,5
:feat:authentication:be:driving:impl,feat,authentication,be,driving,impl,libs.plugins.snag.impl.driving.backend.module,test,/Users/timotej.adamec/StudioProjects/Snag/.claude/worktrees/phase1-sharing-report/feat/authentication/be/driving/impl/src/test,,100,1
:feat:authentication:be:driving:test,feat,authentication,be,driving,test,libs.plugins.snag.backend.module,main,/Users/timotej.adamec/StudioProjects/Snag/.claude/worktrees/phase1-sharing-report/feat/authentication/be/driving/test/src/main,backend,7,1
:feat:authentication:fe:app:api,feat,authentication,fe,app,api,libs.plugins.snag.multiplatform.module,commonMain,/Users/timotej.adamec/StudioProjects/Snag/.claude/worktrees/phase1-sharing-report/feat/authentication/fe/app/api/src/commonMain,frontend,32,6
:feat:authentication:fe:app:impl,feat,authentication,fe,app,impl,libs.plugins.snag.frontend.multiplatform.module,commonMain,/Users/timotej.adamec/StudioProjects/Snag/.claude/worktrees/phase1-sharing-report/feat/authentication/fe/app/impl/src/commonMain,frontend,129,8
:feat:authentication:fe:app:impl,feat,authentication,fe,app,impl,libs.plugins.snag.frontend.multiplatform.module,commonTest,/Users/timotej.adamec/StudioProjects/Snag/.claude/worktrees/phase1-sharing-report/feat/authentication/fe/app/impl/src/commonTest,,140,6
:feat:authentication:fe:driven:impl,feat,authentication,fe,driven,impl,libs.plugins.snag.driven.frontend.multiplatform.module,androidMain,/Users/timotej.adamec/StudioProjects/Snag/.claude/worktrees/phase1-sharing-report/feat/authentication/fe/driven/impl/src/androidMain,android,14,1
:feat:authentication:fe:driven:impl,feat,authentication,fe,driven,impl,libs.plugins.snag.driven.frontend.multiplatform.module,commonMain,/Users/timotej.adamec/StudioProjects/Snag/.claude/worktrees/phase1-sharing-report/feat/authentication/fe/driven/impl/src/commonMain,frontend,142,4
:feat:authentication:fe:driven:impl,feat,authentication,fe,driven,impl,libs.plugins.snag.driven.frontend.multiplatform.module,iosMain,/Users/timotej.adamec/StudioProjects/Snag/.claude/worktrees/phase1-sharing-report/feat/authentication/fe/driven/impl/src/iosMain,ios,16,1
:feat:authentication:fe:driven:impl,feat,authentication,fe,driven,impl,libs.plugins.snag.driven.frontend.multiplatform.module,jvmMain,/Users/timotej.adamec/StudioProjects/Snag/.claude/worktrees/phase1-sharing-report/feat/authentication/fe/driven/impl/src/jvmMain,jvm_desktop,104,2
:feat:authentication:fe:driven:impl,feat,authentication,fe,driven,impl,libs.plugins.snag.driven.frontend.multiplatform.module,webMain,/Users/timotej.adamec/StudioProjects/Snag/.claude/worktrees/phase1-sharing-report/feat/authentication/fe/driven/impl/src/webMain,web,42,2
:feat:authentication:fe:driven:test,feat,authentication,fe,driven,test,libs.plugins.snag.frontend.multiplatform.module,commonMain,/Users/timotej.adamec/StudioProjects/Snag/.claude/worktrees/phase1-sharing-report/feat/authentication/fe/driven/test/src/commonMain,frontend,29,2
:feat:authentication:fe:driving:api,feat,authentication,fe,driving,api,libs.plugins.snag.driving.frontend.multiplatform.module,commonMain,/Users/timotej.adamec/StudioProjects/Snag/.claude/worktrees/phase1-sharing-report/feat/authentication/fe/driving/api/src/commonMain,frontend,12,1
:feat:authentication:fe:driving:impl,feat,authentication,fe,driving,impl,libs.plugins.snag.driving.frontend.multiplatform.module,commonMain,/Users/timotej.adamec/StudioProjects/Snag/.claude/worktrees/phase1-sharing-report/feat/authentication/fe/driving/impl/src/commonMain,frontend,242,11
:feat:authorization:be:driving:api,feat,authorization,be,driving,api,libs.plugins.snag.backend.module,main,/Users/timotej.adamec/StudioProjects/Snag/.claude/worktrees/phase1-sharing-report/feat/authorization/be/driving/api/src/main,backend,2,1
:feat:authorization:be:driving:impl,feat,authorization,be,driving,impl,libs.plugins.snag.impl.driving.backend.module,main,/Users/timotej.adamec/StudioProjects/Snag/.claude/worktrees/phase1-sharing-report/feat/authorization/be/driving/impl/src/main,backend,33,3
:feat:clients:be:app:api,feat,clients,be,app,api,libs.plugins.snag.backend.module,main,/Users/timotej.adamec/StudioProjects/Snag/.claude/worktrees/phase1-sharing-report/feat/clients/be/app/api/src/main,backend,40,7
:feat:clients:be:app:impl,feat,clients,be,app,impl,libs.plugins.snag.backend.module,main,/Users/timotej.adamec/StudioProjects/Snag/.claude/worktrees/phase1-sharing-report/feat/clients/be/app/impl/src/main,backend,155,8
:feat:clients:be:app:impl,feat,clients,be,app,impl,libs.plugins.snag.backend.module,test,/Users/timotej.adamec/StudioProjects/Snag/.claude/worktrees/phase1-sharing-report/feat/clients/be/app/impl/src/test,,386,5
:feat:clients:be:app:model,feat,clients,be,app,,libs.plugins.snag.backend.module,main,/Users/timotej.adamec/StudioProjects/Snag/.claude/worktrees/phase1-sharing-report/feat/clients/be/app/model/src/main,backend,19,1
:feat:clients:be:driven:impl,feat,clients,be,driven,impl,libs.plugins.snag.driven.backend.module,main,/Users/timotej.adamec/StudioProjects/Snag/.claude/worktrees/phase1-sharing-report/feat/clients/be/driven/impl/src/main,backend,132,3
:feat:clients:be:driven:test,feat,clients,be,driven,test,libs.plugins.snag.backend.module,main,/Users/timotej.adamec/StudioProjects/Snag/.claude/worktrees/phase1-sharing-report/feat/clients/be/driven/test/src/main,backend,25,1
:feat:clients:be:driving:impl,feat,clients,be,driving,impl,libs.plugins.snag.impl.driving.backend.module,main,/Users/timotej.adamec/StudioProjects/Snag/.claude/worktrees/phase1-sharing-report/feat/clients/be/driving/impl/src/main,backend,125,3
:feat:clients:be:driving:impl,feat,clients,be,driving,impl,libs.plugins.snag.impl.driving.backend.module,test,/Users/timotej.adamec/StudioProjects/Snag/.claude/worktrees/phase1-sharing-report/feat/clients/be/driving/impl/src/test,,90,1
:feat:clients:fe:app:api,feat,clients,fe,app,api,libs.plugins.snag.frontend.multiplatform.module,commonMain,/Users/timotej.adamec/StudioProjects/Snag/.claude/worktrees/phase1-sharing-report/feat/clients/fe/app/api/src/commonMain,frontend,48,7
:feat:clients:fe:app:impl,feat,clients,fe,app,impl,libs.plugins.snag.frontend.multiplatform.module,commonMain,/Users/timotej.adamec/StudioProjects/Snag/.claude/worktrees/phase1-sharing-report/feat/clients/fe/app/impl/src/commonMain,frontend,314,11
:feat:clients:fe:app:impl,feat,clients,fe,app,impl,libs.plugins.snag.frontend.multiplatform.module,commonTest,/Users/timotej.adamec/StudioProjects/Snag/.claude/worktrees/phase1-sharing-report/feat/clients/fe/app/impl/src/commonTest,,400,6
:feat:clients:fe:driven:impl,feat,clients,fe,driven,impl,libs.plugins.snag.driven.frontend.multiplatform.module,commonMain,/Users/timotej.adamec/StudioProjects/Snag/.claude/worktrees/phase1-sharing-report/feat/clients/fe/driven/impl/src/commonMain,frontend,186,7
:feat:clients:fe:driven:test,feat,clients,fe,driven,test,libs.plugins.snag.driven.frontend.multiplatform.module,commonMain,/Users/timotej.adamec/StudioProjects/Snag/.claude/worktrees/phase1-sharing-report/feat/clients/fe/driven/test/src/commonMain,frontend,67,3
:feat:clients:fe:driving:api,feat,clients,fe,driving,api,libs.plugins.snag.driving.frontend.multiplatform.module,commonMain,/Users/timotej.adamec/StudioProjects/Snag/.claude/worktrees/phase1-sharing-report/feat/clients/fe/driving/api/src/commonMain,frontend,41,2
:feat:clients:fe:driving:api,feat,clients,fe,driving,api,libs.plugins.snag.driving.frontend.multiplatform.module,nonWebMain,/Users/timotej.adamec/StudioProjects/Snag/.claude/worktrees/phase1-sharing-report/feat/clients/fe/driving/api/src/nonWebMain,nonWeb_fe,60,2
:feat:clients:fe:driving:api,feat,clients,fe,driving,api,libs.plugins.snag.driving.frontend.multiplatform.module,webMain,/Users/timotej.adamec/StudioProjects/Snag/.claude/worktrees/phase1-sharing-report/feat/clients/fe/driving/api/src/webMain,web,97,3
:feat:clients:fe:driving:impl,feat,clients,fe,driving,impl,libs.plugins.snag.driving.frontend.multiplatform.module,commonMain,/Users/timotej.adamec/StudioProjects/Snag/.claude/worktrees/phase1-sharing-report/feat/clients/fe/driving/impl/src/commonMain,frontend,913,15
:feat:clients:fe:driving:impl,feat,clients,fe,driving,impl,libs.plugins.snag.driving.frontend.multiplatform.module,commonTest,/Users/timotej.adamec/StudioProjects/Snag/.claude/worktrees/phase1-sharing-report/feat/clients/fe/driving/impl/src/commonTest,,478,3
:feat:clients:fe:driving:impl,feat,clients,fe,driving,impl,libs.plugins.snag.driving.frontend.multiplatform.module,nonWebMain,/Users/timotej.adamec/StudioProjects/Snag/.claude/worktrees/phase1-sharing-report/feat/clients/fe/driving/impl/src/nonWebMain,nonWeb_fe,11,1
:feat:clients:fe:driving:impl,feat,clients,fe,driving,impl,libs.plugins.snag.driving.frontend.multiplatform.module,webMain,/Users/timotej.adamec/StudioProjects/Snag/.claude/worktrees/phase1-sharing-report/feat/clients/fe/driving/impl/src/webMain,web,11,1
:feat:findings:be:app:api,feat,findings,be,app,api,libs.plugins.snag.backend.module,main,/Users/timotej.adamec/StudioProjects/Snag/.claude/worktrees/phase1-sharing-report/feat/findings/be/app/api/src/main,backend,74,12
:feat:findings:be:app:impl,feat,findings,be,app,impl,libs.plugins.snag.backend.module,main,/Users/timotej.adamec/StudioProjects/Snag/.claude/worktrees/phase1-sharing-report/feat/findings/be/app/impl/src/main,backend,265,10
:feat:findings:be:app:impl,feat,findings,be,app,impl,libs.plugins.snag.backend.module,test,/Users/timotej.adamec/StudioProjects/Snag/.claude/worktrees/phase1-sharing-report/feat/findings/be/app/impl/src/test,,534,6
:feat:findings:be:app:model,feat,findings,be,app,,libs.plugins.snag.backend.module,main,/Users/timotej.adamec/StudioProjects/Snag/.claude/worktrees/phase1-sharing-report/feat/findings/be/app/model/src/main,backend,37,2
:feat:findings:be:driven:impl,feat,findings,be,driven,impl,libs.plugins.snag.driven.backend.module,main,/Users/timotej.adamec/StudioProjects/Snag/.claude/worktrees/phase1-sharing-report/feat/findings/be/driven/impl/src/main,backend,327,7
:feat:findings:be:driven:impl,feat,findings,be,driven,impl,libs.plugins.snag.driven.backend.module,test,/Users/timotej.adamec/StudioProjects/Snag/.claude/worktrees/phase1-sharing-report/feat/findings/be/driven/impl/src/test,,233,1
:feat:findings:be:driven:test,feat,findings,be,driven,test,libs.plugins.snag.backend.module,main,/Users/timotej.adamec/StudioProjects/Snag/.claude/worktrees/phase1-sharing-report/feat/findings/be/driven/test/src/main,backend,30,1
:feat:findings:be:driving:impl,feat,findings,be,driving,impl,libs.plugins.snag.impl.driving.backend.module,main,/Users/timotej.adamec/StudioProjects/Snag/.claude/worktrees/phase1-sharing-report/feat/findings/be/driving/impl/src/main,backend,341,6
:feat:findings:be:driving:impl,feat,findings,be,driving,impl,libs.plugins.snag.impl.driving.backend.module,test,/Users/timotej.adamec/StudioProjects/Snag/.claude/worktrees/phase1-sharing-report/feat/findings/be/driving/impl/src/test,,677,2
:feat:findings:fe:app:api,feat,findings,fe,app,api,libs.plugins.snag.frontend.multiplatform.module,commonMain,/Users/timotej.adamec/StudioProjects/Snag/.claude/worktrees/phase1-sharing-report/feat/findings/fe/app/api/src/commonMain,frontend,105,15
:feat:findings:fe:app:api,feat,findings,fe,app,api,libs.plugins.snag.frontend.multiplatform.module,nonWebMain,/Users/timotej.adamec/StudioProjects/Snag/.claude/worktrees/phase1-sharing-report/feat/findings/fe/app/api/src/nonWebMain,nonWeb_fe,6,1
:feat:findings:fe:app:api,feat,findings,fe,app,api,libs.plugins.snag.frontend.multiplatform.module,webMain,/Users/timotej.adamec/StudioProjects/Snag/.claude/worktrees/phase1-sharing-report/feat/findings/fe/app/api/src/webMain,web,12,2
:feat:findings:fe:app:impl,feat,findings,fe,app,impl,libs.plugins.snag.frontend.multiplatform.module,commonMain,/Users/timotej.adamec/StudioProjects/Snag/.claude/worktrees/phase1-sharing-report/feat/findings/fe/app/impl/src/commonMain,frontend,507,18
:feat:findings:fe:app:impl,feat,findings,fe,app,impl,libs.plugins.snag.frontend.multiplatform.module,commonTest,/Users/timotej.adamec/StudioProjects/Snag/.claude/worktrees/phase1-sharing-report/feat/findings/fe/app/impl/src/commonTest,,719,8
:feat:findings:fe:app:impl,feat,findings,fe,app,impl,libs.plugins.snag.frontend.multiplatform.module,nonWebMain,/Users/timotej.adamec/StudioProjects/Snag/.claude/worktrees/phase1-sharing-report/feat/findings/fe/app/impl/src/nonWebMain,nonWeb_fe,166,3
:feat:findings:fe:app:impl,feat,findings,fe,app,impl,libs.plugins.snag.frontend.multiplatform.module,nonWebTest,/Users/timotej.adamec/StudioProjects/Snag/.claude/worktrees/phase1-sharing-report/feat/findings/fe/app/impl/src/nonWebTest,,442,2
:feat:findings:fe:app:impl,feat,findings,fe,app,impl,libs.plugins.snag.frontend.multiplatform.module,webMain,/Users/timotej.adamec/StudioProjects/Snag/.claude/worktrees/phase1-sharing-report/feat/findings/fe/app/impl/src/webMain,web,122,4
:feat:findings:fe:app:impl,feat,findings,fe,app,impl,libs.plugins.snag.frontend.multiplatform.module,webTest,/Users/timotej.adamec/StudioProjects/Snag/.claude/worktrees/phase1-sharing-report/feat/findings/fe/app/impl/src/webTest,,122,1
:feat:findings:fe:driven:impl,feat,findings,fe,driven,impl,libs.plugins.snag.driven.frontend.multiplatform.module,commonMain,/Users/timotej.adamec/StudioProjects/Snag/.claude/worktrees/phase1-sharing-report/feat/findings/fe/driven/impl/src/commonMain,frontend,628,11
:feat:findings:fe:driven:impl,feat,findings,fe,driven,impl,libs.plugins.snag.driven.frontend.multiplatform.module,jvmTest,/Users/timotej.adamec/StudioProjects/Snag/.claude/worktrees/phase1-sharing-report/feat/findings/fe/driven/impl/src/jvmTest,,249,1
:feat:findings:fe:driven:test,feat,findings,fe,driven,test,libs.plugins.snag.driven.frontend.multiplatform.module,commonMain,/Users/timotej.adamec/StudioProjects/Snag/.claude/worktrees/phase1-sharing-report/feat/findings/fe/driven/test/src/commonMain,frontend,205,5
:feat:findings:fe:driving:api,feat,findings,fe,driving,api,libs.plugins.snag.driving.frontend.multiplatform.module,commonMain,/Users/timotej.adamec/StudioProjects/Snag/.claude/worktrees/phase1-sharing-report/feat/findings/fe/driving/api/src/commonMain,frontend,186,4
:feat:findings:fe:driving:api,feat,findings,fe,driving,api,libs.plugins.snag.driving.frontend.multiplatform.module,nonWebMain,/Users/timotej.adamec/StudioProjects/Snag/.claude/worktrees/phase1-sharing-report/feat/findings/fe/driving/api/src/nonWebMain,nonWeb_fe,103,2
:feat:findings:fe:driving:api,feat,findings,fe,driving,api,libs.plugins.snag.driving.frontend.multiplatform.module,webMain,/Users/timotej.adamec/StudioProjects/Snag/.claude/worktrees/phase1-sharing-report/feat/findings/fe/driving/api/src/webMain,web,162,3
:feat:findings:fe:driving:impl,feat,findings,fe,driving,impl,libs.plugins.snag.driving.frontend.multiplatform.module,commonMain,/Users/timotej.adamec/StudioProjects/Snag/.claude/worktrees/phase1-sharing-report/feat/findings/fe/driving/impl/src/commonMain,frontend,2061,25
:feat:findings:fe:driving:impl,feat,findings,fe,driving,impl,libs.plugins.snag.driving.frontend.multiplatform.module,commonTest,/Users/timotej.adamec/StudioProjects/Snag/.claude/worktrees/phase1-sharing-report/feat/findings/fe/driving/impl/src/commonTest,,258,3
:feat:findings:fe:driving:impl,feat,findings,fe,driving,impl,libs.plugins.snag.driving.frontend.multiplatform.module,nonWebMain,/Users/timotej.adamec/StudioProjects/Snag/.claude/worktrees/phase1-sharing-report/feat/findings/fe/driving/impl/src/nonWebMain,nonWeb_fe,85,2
:feat:findings:fe:driving:impl,feat,findings,fe,driving,impl,libs.plugins.snag.driving.frontend.multiplatform.module,webMain,/Users/timotej.adamec/StudioProjects/Snag/.claude/worktrees/phase1-sharing-report/feat/findings/fe/driving/impl/src/webMain,web,96,2
:feat:inspections:be:app:api,feat,inspections,be,app,api,libs.plugins.snag.backend.module,main,/Users/timotej.adamec/StudioProjects/Snag/.claude/worktrees/phase1-sharing-report/feat/inspections/be/app/api/src/main,backend,43,7
:feat:inspections:be:app:impl,feat,inspections,be,app,impl,libs.plugins.snag.backend.module,main,/Users/timotej.adamec/StudioProjects/Snag/.claude/worktrees/phase1-sharing-report/feat/inspections/be/app/impl/src/main,backend,151,7
:feat:inspections:be:app:impl,feat,inspections,be,app,impl,libs.plugins.snag.backend.module,test,/Users/timotej.adamec/StudioProjects/Snag/.claude/worktrees/phase1-sharing-report/feat/inspections/be/app/impl/src/test,,129,2
:feat:inspections:be:app:model,feat,inspections,be,app,,libs.plugins.snag.backend.module,main,/Users/timotej.adamec/StudioProjects/Snag/.claude/worktrees/phase1-sharing-report/feat/inspections/be/app/model/src/main,backend,21,1
:feat:inspections:be:driven:impl,feat,inspections,be,driven,impl,libs.plugins.snag.driven.backend.module,main,/Users/timotej.adamec/StudioProjects/Snag/.claude/worktrees/phase1-sharing-report/feat/inspections/be/driven/impl/src/main,backend,149,3
:feat:inspections:be:driven:test,feat,inspections,be,driven,test,libs.plugins.snag.backend.module,main,/Users/timotej.adamec/StudioProjects/Snag/.claude/worktrees/phase1-sharing-report/feat/inspections/be/driven/test/src/main,backend,30,1
:feat:inspections:be:driving:impl,feat,inspections,be,driving,impl,libs.plugins.snag.impl.driving.backend.module,main,/Users/timotej.adamec/StudioProjects/Snag/.claude/worktrees/phase1-sharing-report/feat/inspections/be/driving/impl/src/main,backend,138,3
:feat:inspections:be:driving:impl,feat,inspections,be,driving,impl,libs.plugins.snag.impl.driving.backend.module,test,/Users/timotej.adamec/StudioProjects/Snag/.claude/worktrees/phase1-sharing-report/feat/inspections/be/driving/impl/src/test,,162,1
:feat:inspections:fe:app:api,feat,inspections,fe,app,api,libs.plugins.snag.frontend.multiplatform.module,commonMain,/Users/timotej.adamec/StudioProjects/Snag/.claude/worktrees/phase1-sharing-report/feat/inspections/fe/app/api/src/commonMain,frontend,51,7
:feat:inspections:fe:app:impl,feat,inspections,fe,app,impl,libs.plugins.snag.frontend.multiplatform.module,commonMain,/Users/timotej.adamec/StudioProjects/Snag/.claude/worktrees/phase1-sharing-report/feat/inspections/fe/app/impl/src/commonMain,frontend,281,11
:feat:inspections:fe:app:impl,feat,inspections,fe,app,impl,libs.plugins.snag.frontend.multiplatform.module,commonTest,/Users/timotej.adamec/StudioProjects/Snag/.claude/worktrees/phase1-sharing-report/feat/inspections/fe/app/impl/src/commonTest,,338,4
:feat:inspections:fe:driven:impl,feat,inspections,fe,driven,impl,libs.plugins.snag.driven.frontend.multiplatform.module,commonMain,/Users/timotej.adamec/StudioProjects/Snag/.claude/worktrees/phase1-sharing-report/feat/inspections/fe/driven/impl/src/commonMain,frontend,238,7
:feat:inspections:fe:driven:test,feat,inspections,fe,driven,test,libs.plugins.snag.driven.frontend.multiplatform.module,commonMain,/Users/timotej.adamec/StudioProjects/Snag/.claude/worktrees/phase1-sharing-report/feat/inspections/fe/driven/test/src/commonMain,frontend,80,3
:feat:inspections:fe:driving:api,feat,inspections,fe,driving,api,libs.plugins.snag.driving.frontend.multiplatform.module,commonMain,/Users/timotej.adamec/StudioProjects/Snag/.claude/worktrees/phase1-sharing-report/feat/inspections/fe/driving/api/src/commonMain,frontend,391,3
:feat:inspections:fe:driving:api,feat,inspections,fe,driving,api,libs.plugins.snag.driving.frontend.multiplatform.module,nonWebMain,/Users/timotej.adamec/StudioProjects/Snag/.claude/worktrees/phase1-sharing-report/feat/inspections/fe/driving/api/src/nonWebMain,nonWeb_fe,32,2
:feat:inspections:fe:driving:api,feat,inspections,fe,driving,api,libs.plugins.snag.driving.frontend.multiplatform.module,webMain,/Users/timotej.adamec/StudioProjects/Snag/.claude/worktrees/phase1-sharing-report/feat/inspections/fe/driving/api/src/webMain,web,67,3
:feat:inspections:fe:driving:impl,feat,inspections,fe,driving,impl,libs.plugins.snag.driving.frontend.multiplatform.module,commonMain,/Users/timotej.adamec/StudioProjects/Snag/.claude/worktrees/phase1-sharing-report/feat/inspections/fe/driving/impl/src/commonMain,frontend,1010,10
:feat:inspections:fe:driving:impl,feat,inspections,fe,driving,impl,libs.plugins.snag.driving.frontend.multiplatform.module,commonTest,/Users/timotej.adamec/StudioProjects/Snag/.claude/worktrees/phase1-sharing-report/feat/inspections/fe/driving/impl/src/commonTest,,298,2
:feat:inspections:fe:driving:impl,feat,inspections,fe,driving,impl,libs.plugins.snag.driving.frontend.multiplatform.module,nonWebMain,/Users/timotej.adamec/StudioProjects/Snag/.claude/worktrees/phase1-sharing-report/feat/inspections/fe/driving/impl/src/nonWebMain,nonWeb_fe,9,1
:feat:inspections:fe:driving:impl,feat,inspections,fe,driving,impl,libs.plugins.snag.driving.frontend.multiplatform.module,webMain,/Users/timotej.adamec/StudioProjects/Snag/.claude/worktrees/phase1-sharing-report/feat/inspections/fe/driving/impl/src/webMain,web,9,1
:feat:projects:be:app:api,feat,projects,be,app,api,libs.plugins.snag.backend.module,main,/Users/timotej.adamec/StudioProjects/Snag/.claude/worktrees/phase1-sharing-report/feat/projects/be/app/api/src/main,backend,130,21
:feat:projects:be:app:impl,feat,projects,be,app,impl,libs.plugins.snag.backend.module,main,/Users/timotej.adamec/StudioProjects/Snag/.claude/worktrees/phase1-sharing-report/feat/projects/be/app/impl/src/main,backend,442,18
:feat:projects:be:app:impl,feat,projects,be,app,impl,libs.plugins.snag.backend.module,test,/Users/timotej.adamec/StudioProjects/Snag/.claude/worktrees/phase1-sharing-report/feat/projects/be/app/impl/src/test,,1020,10
:feat:projects:be:app:model,feat,projects,be,app,,libs.plugins.snag.backend.module,main,/Users/timotej.adamec/StudioProjects/Snag/.claude/worktrees/phase1-sharing-report/feat/projects/be/app/model/src/main,backend,38,2
:feat:projects:be:driven:impl,feat,projects,be,driven,impl,libs.plugins.snag.driven.backend.module,main,/Users/timotej.adamec/StudioProjects/Snag/.claude/worktrees/phase1-sharing-report/feat/projects/be/driven/impl/src/main,backend,351,5
:feat:projects:be:driven:test,feat,projects,be,driven,test,libs.plugins.snag.backend.module,main,/Users/timotej.adamec/StudioProjects/Snag/.claude/worktrees/phase1-sharing-report/feat/projects/be/driven/test/src/main,backend,53,2
:feat:projects:be:driving:impl,feat,projects,be,driving,impl,libs.plugins.snag.impl.driving.backend.module,main,/Users/timotej.adamec/StudioProjects/Snag/.claude/worktrees/phase1-sharing-report/feat/projects/be/driving/impl/src/main,backend,350,4
:feat:projects:be:driving:impl,feat,projects,be,driving,impl,libs.plugins.snag.impl.driving.backend.module,test,/Users/timotej.adamec/StudioProjects/Snag/.claude/worktrees/phase1-sharing-report/feat/projects/be/driving/impl/src/test,,949,2
:feat:projects:fe:app:api,feat,projects,fe,app,api,libs.plugins.snag.frontend.multiplatform.module,commonMain,/Users/timotej.adamec/StudioProjects/Snag/.claude/worktrees/phase1-sharing-report/feat/projects/fe/app/api/src/commonMain,frontend,157,24
:feat:projects:fe:app:api,feat,projects,fe,app,api,libs.plugins.snag.frontend.multiplatform.module,nonWebMain,/Users/timotej.adamec/StudioProjects/Snag/.claude/worktrees/phase1-sharing-report/feat/projects/fe/app/api/src/nonWebMain,nonWeb_fe,6,1
:feat:projects:fe:app:api,feat,projects,fe,app,api,libs.plugins.snag.frontend.multiplatform.module,webMain,/Users/timotej.adamec/StudioProjects/Snag/.claude/worktrees/phase1-sharing-report/feat/projects/fe/app/api/src/webMain,web,6,1
:feat:projects:fe:app:impl,feat,projects,fe,app,impl,libs.plugins.snag.frontend.multiplatform.module,commonMain,/Users/timotej.adamec/StudioProjects/Snag/.claude/worktrees/phase1-sharing-report/feat/projects/fe/app/impl/src/commonMain,frontend,1057,29
:feat:projects:fe:app:impl,feat,projects,fe,app,impl,libs.plugins.snag.frontend.multiplatform.module,commonTest,/Users/timotej.adamec/StudioProjects/Snag/.claude/worktrees/phase1-sharing-report/feat/projects/fe/app/impl/src/commonTest,,1585,19
:feat:projects:fe:app:impl,feat,projects,fe,app,impl,libs.plugins.snag.frontend.multiplatform.module,nonWebMain,/Users/timotej.adamec/StudioProjects/Snag/.claude/worktrees/phase1-sharing-report/feat/projects/fe/app/impl/src/nonWebMain,nonWeb_fe,172,4
:feat:projects:fe:app:impl,feat,projects,fe,app,impl,libs.plugins.snag.frontend.multiplatform.module,nonWebTest,/Users/timotej.adamec/StudioProjects/Snag/.claude/worktrees/phase1-sharing-report/feat/projects/fe/app/impl/src/nonWebTest,,325,3
:feat:projects:fe:app:impl,feat,projects,fe,app,impl,libs.plugins.snag.frontend.multiplatform.module,webMain,/Users/timotej.adamec/StudioProjects/Snag/.claude/worktrees/phase1-sharing-report/feat/projects/fe/app/impl/src/webMain,web,137,4
:feat:projects:fe:app:impl,feat,projects,fe,app,impl,libs.plugins.snag.frontend.multiplatform.module,webTest,/Users/timotej.adamec/StudioProjects/Snag/.claude/worktrees/phase1-sharing-report/feat/projects/fe/app/impl/src/webTest,,267,3
:feat:projects:fe:driven:impl,feat,projects,fe,driven,impl,libs.plugins.snag.driven.frontend.multiplatform.module,commonMain,/Users/timotej.adamec/StudioProjects/Snag/.claude/worktrees/phase1-sharing-report/feat/projects/fe/driven/impl/src/commonMain,frontend,553,10
:feat:projects:fe:driven:test,feat,projects,fe,driven,test,libs.plugins.snag.driven.frontend.multiplatform.module,commonMain,/Users/timotej.adamec/StudioProjects/Snag/.claude/worktrees/phase1-sharing-report/feat/projects/fe/driven/test/src/commonMain,frontend,204,6
:feat:projects:fe:driving:api,feat,projects,fe,driving,api,libs.plugins.snag.driving.frontend.multiplatform.module,commonMain,/Users/timotej.adamec/StudioProjects/Snag/.claude/worktrees/phase1-sharing-report/feat/projects/fe/driving/api/src/commonMain,frontend,67,5
:feat:projects:fe:driving:api,feat,projects,fe,driving,api,libs.plugins.snag.driving.frontend.multiplatform.module,nonWebMain,/Users/timotej.adamec/StudioProjects/Snag/.claude/worktrees/phase1-sharing-report/feat/projects/fe/driving/api/src/nonWebMain,nonWeb_fe,55,2
:feat:projects:fe:driving:api,feat,projects,fe,driving,api,libs.plugins.snag.driving.frontend.multiplatform.module,webMain,/Users/timotej.adamec/StudioProjects/Snag/.claude/worktrees/phase1-sharing-report/feat/projects/fe/driving/api/src/webMain,web,108,3
:feat:projects:fe:driving:impl,feat,projects,fe,driving,impl,libs.plugins.snag.driving.frontend.multiplatform.module,commonMain,/Users/timotej.adamec/StudioProjects/Snag/.claude/worktrees/phase1-sharing-report/feat/projects/fe/driving/impl/src/commonMain,frontend,2865,32
:feat:projects:fe:driving:impl,feat,projects,fe,driving,impl,libs.plugins.snag.driving.frontend.multiplatform.module,commonTest,/Users/timotej.adamec/StudioProjects/Snag/.claude/worktrees/phase1-sharing-report/feat/projects/fe/driving/impl/src/commonTest,,1331,5
:feat:projects:fe:driving:impl,feat,projects,fe,driving,impl,libs.plugins.snag.driving.frontend.multiplatform.module,nonWebMain,/Users/timotej.adamec/StudioProjects/Snag/.claude/worktrees/phase1-sharing-report/feat/projects/fe/driving/impl/src/nonWebMain,nonWeb_fe,168,3
:feat:projects:fe:driving:impl,feat,projects,fe,driving,impl,libs.plugins.snag.driving.frontend.multiplatform.module,webMain,/Users/timotej.adamec/StudioProjects/Snag/.claude/worktrees/phase1-sharing-report/feat/projects/fe/driving/impl/src/webMain,web,176,3
:feat:reports:be:app:api,feat,reports,be,app,api,libs.plugins.snag.backend.module,main,/Users/timotej.adamec/StudioProjects/Snag/.claude/worktrees/phase1-sharing-report/feat/reports/be/app/api/src/main,backend,19,2
:feat:reports:be:app:impl,feat,reports,be,app,impl,libs.plugins.snag.backend.module,main,/Users/timotej.adamec/StudioProjects/Snag/.claude/worktrees/phase1-sharing-report/feat/reports/be/app/impl/src/main,backend,99,4
:feat:reports:be:app:impl,feat,reports,be,app,impl,libs.plugins.snag.backend.module,test,/Users/timotej.adamec/StudioProjects/Snag/.claude/worktrees/phase1-sharing-report/feat/reports/be/app/impl/src/test,,158,2
:feat:reports:be:app:model,feat,reports,be,app,,libs.plugins.snag.backend.module,main,/Users/timotej.adamec/StudioProjects/Snag/.claude/worktrees/phase1-sharing-report/feat/reports/be/app/model/src/main,backend,24,1
:feat:reports:be:driven:impl,feat,reports,be,driven,impl,libs.plugins.snag.backend.module,main,/Users/timotej.adamec/StudioProjects/Snag/.claude/worktrees/phase1-sharing-report/feat/reports/be/driven/impl/src/main,backend,422,4
:feat:reports:be:driven:test,feat,reports,be,driven,test,libs.plugins.snag.backend.module,main,/Users/timotej.adamec/StudioProjects/Snag/.claude/worktrees/phase1-sharing-report/feat/reports/be/driven/test/src/main,backend,28,2
:feat:reports:be:driving:impl,feat,reports,be,driving,impl,libs.plugins.snag.impl.driving.backend.module,main,/Users/timotej.adamec/StudioProjects/Snag/.claude/worktrees/phase1-sharing-report/feat/reports/be/driving/impl/src/main,backend,98,3
:feat:reports:be:driving:impl,feat,reports,be,driving,impl,libs.plugins.snag.impl.driving.backend.module,test,/Users/timotej.adamec/StudioProjects/Snag/.claude/worktrees/phase1-sharing-report/feat/reports/be/driving/impl/src/test,,225,1
:feat:reports:fe:app:api,feat,reports,fe,app,api,libs.plugins.snag.frontend.multiplatform.module,commonMain,/Users/timotej.adamec/StudioProjects/Snag/.claude/worktrees/phase1-sharing-report/feat/reports/fe/app/api/src/commonMain,frontend,17,2
:feat:reports:fe:app:impl,feat,reports,fe,app,impl,libs.plugins.snag.frontend.multiplatform.module,commonMain,/Users/timotej.adamec/StudioProjects/Snag/.claude/worktrees/phase1-sharing-report/feat/reports/fe/app/impl/src/commonMain,frontend,61,4
:feat:reports:fe:app:impl,feat,reports,fe,app,impl,libs.plugins.snag.frontend.multiplatform.module,commonTest,/Users/timotej.adamec/StudioProjects/Snag/.claude/worktrees/phase1-sharing-report/feat/reports/fe/app/impl/src/commonTest,,102,2
:feat:reports:fe:driven:impl,feat,reports,fe,driven,impl,libs.plugins.snag.driven.frontend.multiplatform.module,commonMain,/Users/timotej.adamec/StudioProjects/Snag/.claude/worktrees/phase1-sharing-report/feat/reports/fe/driven/impl/src/commonMain,frontend,60,4
:feat:reports:fe:driven:test,feat,reports,fe,driven,test,libs.plugins.snag.driven.frontend.multiplatform.module,commonMain,/Users/timotej.adamec/StudioProjects/Snag/.claude/worktrees/phase1-sharing-report/feat/reports/fe/driven/test/src/commonMain,frontend,42,2
:feat:structures:be:app:api,feat,structures,be,app,api,libs.plugins.snag.backend.module,main,/Users/timotej.adamec/StudioProjects/Snag/.claude/worktrees/phase1-sharing-report/feat/structures/be/app/api/src/main,backend,43,7
:feat:structures:be:app:impl,feat,structures,be,app,impl,libs.plugins.snag.backend.module,main,/Users/timotej.adamec/StudioProjects/Snag/.claude/worktrees/phase1-sharing-report/feat/structures/be/app/impl/src/main,backend,151,7
:feat:structures:be:app:impl,feat,structures,be,app,impl,libs.plugins.snag.backend.module,test,/Users/timotej.adamec/StudioProjects/Snag/.claude/worktrees/phase1-sharing-report/feat/structures/be/app/impl/src/test,,418,4
:feat:structures:be:app:model,feat,structures,be,app,,libs.plugins.snag.backend.module,main,/Users/timotej.adamec/StudioProjects/Snag/.claude/worktrees/phase1-sharing-report/feat/structures/be/app/model/src/main,backend,18,1
:feat:structures:be:driven:impl,feat,structures,be,driven,impl,libs.plugins.snag.driven.backend.module,main,/Users/timotej.adamec/StudioProjects/Snag/.claude/worktrees/phase1-sharing-report/feat/structures/be/driven/impl/src/main,backend,140,3
:feat:structures:be:driven:test,feat,structures,be,driven,test,libs.plugins.snag.backend.module,main,/Users/timotej.adamec/StudioProjects/Snag/.claude/worktrees/phase1-sharing-report/feat/structures/be/driven/test/src/main,backend,24,1
:feat:structures:be:driving:impl,feat,structures,be,driving,impl,libs.plugins.snag.impl.driving.backend.module,main,/Users/timotej.adamec/StudioProjects/Snag/.claude/worktrees/phase1-sharing-report/feat/structures/be/driving/impl/src/main,backend,132,3
:feat:structures:be:driving:impl,feat,structures,be,driving,impl,libs.plugins.snag.impl.driving.backend.module,test,/Users/timotej.adamec/StudioProjects/Snag/.claude/worktrees/phase1-sharing-report/feat/structures/be/driving/impl/src/test,,449,1
:feat:structures:fe:app:api,feat,structures,fe,app,api,libs.plugins.snag.frontend.multiplatform.module,commonMain,/Users/timotej.adamec/StudioProjects/Snag/.claude/worktrees/phase1-sharing-report/feat/structures/fe/app/api/src/commonMain,frontend,71,11
:feat:structures:fe:app:impl,feat,structures,fe,app,impl,libs.plugins.snag.frontend.multiplatform.module,commonMain,/Users/timotej.adamec/StudioProjects/Snag/.claude/worktrees/phase1-sharing-report/feat/structures/fe/app/impl/src/commonMain,frontend,377,14
:feat:structures:fe:app:impl,feat,structures,fe,app,impl,libs.plugins.snag.frontend.multiplatform.module,commonTest,/Users/timotej.adamec/StudioProjects/Snag/.claude/worktrees/phase1-sharing-report/feat/structures/fe/app/impl/src/commonTest,,278,3
:feat:structures:fe:driven:impl,feat,structures,fe,driven,impl,libs.plugins.snag.driven.frontend.multiplatform.module,commonMain,/Users/timotej.adamec/StudioProjects/Snag/.claude/worktrees/phase1-sharing-report/feat/structures/fe/driven/impl/src/commonMain,frontend,197,7
:feat:structures:fe:driven:test,feat,structures,fe,driven,test,libs.plugins.snag.driven.frontend.multiplatform.module,commonMain,/Users/timotej.adamec/StudioProjects/Snag/.claude/worktrees/phase1-sharing-report/feat/structures/fe/driven/test/src/commonMain,frontend,80,3
:feat:structures:fe:driving:api,feat,structures,fe,driving,api,libs.plugins.snag.driving.frontend.multiplatform.module,commonMain,/Users/timotej.adamec/StudioProjects/Snag/.claude/worktrees/phase1-sharing-report/feat/structures/fe/driving/api/src/commonMain,frontend,154,4
:feat:structures:fe:driving:api,feat,structures,fe,driving,api,libs.plugins.snag.driving.frontend.multiplatform.module,nonWebMain,/Users/timotej.adamec/StudioProjects/Snag/.claude/worktrees/phase1-sharing-report/feat/structures/fe/driving/api/src/nonWebMain,nonWeb_fe,78,2
:feat:structures:fe:driving:api,feat,structures,fe,driving,api,libs.plugins.snag.driving.frontend.multiplatform.module,webMain,/Users/timotej.adamec/StudioProjects/Snag/.claude/worktrees/phase1-sharing-report/feat/structures/fe/driving/api/src/webMain,web,133,3
:feat:structures:fe:driving:impl,feat,structures,fe,driving,impl,libs.plugins.snag.driving.frontend.multiplatform.module,commonMain,/Users/timotej.adamec/StudioProjects/Snag/.claude/worktrees/phase1-sharing-report/feat/structures/fe/driving/impl/src/commonMain,frontend,1802,19
:feat:structures:fe:driving:impl,feat,structures,fe,driving,impl,libs.plugins.snag.driving.frontend.multiplatform.module,commonTest,/Users/timotej.adamec/StudioProjects/Snag/.claude/worktrees/phase1-sharing-report/feat/structures/fe/driving/impl/src/commonTest,,518,4
:feat:structures:fe:driving:impl,feat,structures,fe,driving,impl,libs.plugins.snag.driving.frontend.multiplatform.module,nonWebMain,/Users/timotej.adamec/StudioProjects/Snag/.claude/worktrees/phase1-sharing-report/feat/structures/fe/driving/impl/src/nonWebMain,nonWeb_fe,13,1
:feat:structures:fe:driving:impl,feat,structures,fe,driving,impl,libs.plugins.snag.driving.frontend.multiplatform.module,webMain,/Users/timotej.adamec/StudioProjects/Snag/.claude/worktrees/phase1-sharing-report/feat/structures/fe/driving/impl/src/webMain,web,13,1
:feat:sync:be:app:api,feat,sync,be,app,api,libs.plugins.snag.backend.module,main,/Users/timotej.adamec/StudioProjects/Snag/.claude/worktrees/phase1-sharing-report/feat/sync/be/app/api/src/main,backend,43,4
:feat:sync:be:app:impl,feat,sync,be,app,impl,libs.plugins.snag.backend.module,main,/Users/timotej.adamec/StudioProjects/Snag/.claude/worktrees/phase1-sharing-report/feat/sync/be/app/impl/src/main,backend,57,3
:feat:sync:be:app:impl,feat,sync,be,app,impl,libs.plugins.snag.backend.module,test,/Users/timotej.adamec/StudioProjects/Snag/.claude/worktrees/phase1-sharing-report/feat/sync/be/app/impl/src/test,,142,1
:feat:sync:be:app:model,feat,sync,be,app,,libs.plugins.snag.backend.module,main,/Users/timotej.adamec/StudioProjects/Snag/.claude/worktrees/phase1-sharing-report/feat/sync/be/app/model/src/main,backend,5,1
:feat:sync:fe:app:api,feat,sync,fe,app,api,libs.plugins.snag.frontend.multiplatform.module,commonMain,/Users/timotej.adamec/StudioProjects/Snag/.claude/worktrees/phase1-sharing-report/feat/sync/fe/app/api/src/commonMain,frontend,241,18
:feat:sync:fe:app:api,feat,sync,fe,app,api,libs.plugins.snag.frontend.multiplatform.module,commonTest,/Users/timotej.adamec/StudioProjects/Snag/.claude/worktrees/phase1-sharing-report/feat/sync/fe/app/api/src/commonTest,,178,1
:feat:sync:fe:app:impl,feat,sync,fe,app,impl,libs.plugins.snag.frontend.multiplatform.module,commonMain,/Users/timotej.adamec/StudioProjects/Snag/.claude/worktrees/phase1-sharing-report/feat/sync/fe/app/impl/src/commonMain,frontend,313,12
:feat:sync:fe:app:impl,feat,sync,fe,app,impl,libs.plugins.snag.frontend.multiplatform.module,commonTest,/Users/timotej.adamec/StudioProjects/Snag/.claude/worktrees/phase1-sharing-report/feat/sync/fe/app/impl/src/commonTest,,615,3
:feat:sync:fe:app:model,feat,sync,fe,app,,libs.plugins.snag.multiplatform.module,commonMain,/Users/timotej.adamec/StudioProjects/Snag/.claude/worktrees/phase1-sharing-report/feat/sync/fe/app/model/src/commonMain,frontend,12,2
:feat:sync:fe:driven:impl,feat,sync,fe,driven,impl,libs.plugins.snag.driven.frontend.multiplatform.module,commonMain,/Users/timotej.adamec/StudioProjects/Snag/.claude/worktrees/phase1-sharing-report/feat/sync/fe/driven/impl/src/commonMain,frontend,128,4
:feat:sync:fe:driven:test,feat,sync,fe,driven,test,libs.plugins.snag.frontend.multiplatform.module,commonMain,/Users/timotej.adamec/StudioProjects/Snag/.claude/worktrees/phase1-sharing-report/feat/sync/fe/driven/test/src/commonMain,frontend,65,3
:feat:users:be:app:api,feat,users,be,app,api,libs.plugins.snag.backend.module,main,/Users/timotej.adamec/StudioProjects/Snag/.claude/worktrees/phase1-sharing-report/feat/users/be/app/api/src/main,backend,46,7
:feat:users:be:app:impl,feat,users,be,app,impl,libs.plugins.snag.backend.module,main,/Users/timotej.adamec/StudioProjects/Snag/.claude/worktrees/phase1-sharing-report/feat/users/be/app/impl/src/main,backend,167,9
:feat:users:be:app:impl,feat,users,be,app,impl,libs.plugins.snag.backend.module,test,/Users/timotej.adamec/StudioProjects/Snag/.claude/worktrees/phase1-sharing-report/feat/users/be/app/impl/src/test,,225,4
:feat:users:be:app:model,feat,users,be,app,,libs.plugins.snag.backend.module,main,/Users/timotej.adamec/StudioProjects/Snag/.claude/worktrees/phase1-sharing-report/feat/users/be/app/model/src/main,backend,13,1
:feat:users:be:driven:impl,feat,users,be,driven,impl,libs.plugins.snag.driven.backend.module,main,/Users/timotej.adamec/StudioProjects/Snag/.claude/worktrees/phase1-sharing-report/feat/users/be/driven/impl/src/main,backend,82,3
:feat:users:be:driven:test,feat,users,be,driven,test,libs.plugins.snag.backend.module,main,/Users/timotej.adamec/StudioProjects/Snag/.claude/worktrees/phase1-sharing-report/feat/users/be/driven/test/src/main,backend,29,2
:feat:users:be:driving:api,feat,users,be,driving,api,libs.plugins.snag.backend.module,main,/Users/timotej.adamec/StudioProjects/Snag/.claude/worktrees/phase1-sharing-report/feat/users/be/driving/api/src/main,backend,11,1
:feat:users:be:driving:impl,feat,users,be,driving,impl,libs.plugins.snag.impl.driving.backend.module,main,/Users/timotej.adamec/StudioProjects/Snag/.claude/worktrees/phase1-sharing-report/feat/users/be/driving/impl/src/main,backend,136,4
:feat:users:be:driving:impl,feat,users,be,driving,impl,libs.plugins.snag.impl.driving.backend.module,test,/Users/timotej.adamec/StudioProjects/Snag/.claude/worktrees/phase1-sharing-report/feat/users/be/driving/impl/src/test,,306,1
:feat:users:fe:app:api,feat,users,fe,app,api,libs.plugins.snag.frontend.multiplatform.module,commonMain,/Users/timotej.adamec/StudioProjects/Snag/.claude/worktrees/phase1-sharing-report/feat/users/fe/app/api/src/commonMain,frontend,42,6
:feat:users:fe:app:impl,feat,users,fe,app,impl,libs.plugins.snag.frontend.multiplatform.module,commonMain,/Users/timotej.adamec/StudioProjects/Snag/.claude/worktrees/phase1-sharing-report/feat/users/fe/app/impl/src/commonMain,frontend,253,10
:feat:users:fe:app:impl,feat,users,fe,app,impl,libs.plugins.snag.frontend.multiplatform.module,commonTest,/Users/timotej.adamec/StudioProjects/Snag/.claude/worktrees/phase1-sharing-report/feat/users/fe/app/impl/src/commonTest,,216,3
:feat:users:fe:driven:impl,feat,users,fe,driven,impl,libs.plugins.snag.driven.frontend.multiplatform.module,commonMain,/Users/timotej.adamec/StudioProjects/Snag/.claude/worktrees/phase1-sharing-report/feat/users/fe/driven/impl/src/commonMain,frontend,186,7
:feat:users:fe:driven:test,feat,users,fe,driven,test,libs.plugins.snag.driven.frontend.multiplatform.module,commonMain,/Users/timotej.adamec/StudioProjects/Snag/.claude/worktrees/phase1-sharing-report/feat/users/fe/driven/test/src/commonMain,frontend,70,3
:feat:users:fe:driving:api,feat,users,fe,driving,api,libs.plugins.snag.driving.frontend.multiplatform.module,commonMain,/Users/timotej.adamec/StudioProjects/Snag/.claude/worktrees/phase1-sharing-report/feat/users/fe/driving/api/src/commonMain,frontend,30,3
:feat:users:fe:driving:api,feat,users,fe,driving,api,libs.plugins.snag.driving.frontend.multiplatform.module,nonWebMain,/Users/timotej.adamec/StudioProjects/Snag/.claude/worktrees/phase1-sharing-report/feat/users/fe/driving/api/src/nonWebMain,nonWeb_fe,15,2
:feat:users:fe:driving:api,feat,users,fe,driving,api,libs.plugins.snag.driving.frontend.multiplatform.module,webMain,/Users/timotej.adamec/StudioProjects/Snag/.claude/worktrees/phase1-sharing-report/feat/users/fe/driving/api/src/webMain,web,34,3
:feat:users:fe:driving:impl,feat,users,fe,driving,impl,libs.plugins.snag.driving.frontend.multiplatform.module,commonMain,/Users/timotej.adamec/StudioProjects/Snag/.claude/worktrees/phase1-sharing-report/feat/users/fe/driving/impl/src/commonMain,frontend,444,11
:feat:users:fe:driving:impl,feat,users,fe,driving,impl,libs.plugins.snag.driving.frontend.multiplatform.module,commonTest,/Users/timotej.adamec/StudioProjects/Snag/.claude/worktrees/phase1-sharing-report/feat/users/fe/driving/impl/src/commonTest,,258,2
:feat:users:fe:driving:impl,feat,users,fe,driving,impl,libs.plugins.snag.driving.frontend.multiplatform.module,nonWebMain,/Users/timotej.adamec/StudioProjects/Snag/.claude/worktrees/phase1-sharing-report/feat/users/fe/driving/impl/src/nonWebMain,nonWeb_fe,7,1
:feat:users:fe:driving:impl,feat,users,fe,driving,impl,libs.plugins.snag.driving.frontend.multiplatform.module,webMain,/Users/timotej.adamec/StudioProjects/Snag/.claude/worktrees/phase1-sharing-report/feat/users/fe/driving/impl/src/webMain,web,7,1
:featShared:database:be:driven:api,featShared,database,be,driven,api,libs.plugins.snag.backend.module,main,/Users/timotej.adamec/StudioProjects/Snag/.claude/worktrees/phase1-sharing-report/featShared/database/be/driven/api/src/main,backend,269,17
:featShared:database:be:driven:impl,featShared,database,be,driven,impl,libs.plugins.snag.backend.module,main,/Users/timotej.adamec/StudioProjects/Snag/.claude/worktrees/phase1-sharing-report/featShared/database/be/driven/impl/src/main,backend,26,2
:featShared:database:be:driven:test,featShared,database,be,driven,test,libs.plugins.snag.backend.module,main,/Users/timotej.adamec/StudioProjects/Snag/.claude/worktrees/phase1-sharing-report/featShared/database/be/driven/test/src/main,backend,54,4
:featShared:database:fe:driven:api,featShared,database,fe,driven,api,libs.plugins.snag.multiplatform.module,commonMain,/Users/timotej.adamec/StudioProjects/Snag/.claude/worktrees/phase1-sharing-report/featShared/database/fe/driven/api/src/commonMain,frontend,0,0
:featShared:database:fe:driven:impl,featShared,database,fe,driven,impl,libs.plugins.snag.multiplatform.module,commonMain,/Users/timotej.adamec/StudioProjects/Snag/.claude/worktrees/phase1-sharing-report/featShared/database/fe/driven/impl/src/commonMain,frontend,39,1
:featShared:database:fe:driven:test,featShared,database,fe,driven,test,libs.plugins.snag.multiplatform.module,androidMain,/Users/timotej.adamec/StudioProjects/Snag/.claude/worktrees/phase1-sharing-report/featShared/database/fe/driven/test/src/androidMain,android,4,1
:featShared:database:fe:driven:test,featShared,database,fe,driven,test,libs.plugins.snag.multiplatform.module,commonMain,/Users/timotej.adamec/StudioProjects/Snag/.claude/worktrees/phase1-sharing-report/featShared/database/fe/driven/test/src/commonMain,frontend,3,1
:featShared:database:fe:driven:test,featShared,database,fe,driven,test,libs.plugins.snag.multiplatform.module,iosMain,/Users/timotej.adamec/StudioProjects/Snag/.claude/worktrees/phase1-sharing-report/featShared/database/fe/driven/test/src/iosMain,ios,4,1
:featShared:database:fe:driven:test,featShared,database,fe,driven,test,libs.plugins.snag.multiplatform.module,jvmMain,/Users/timotej.adamec/StudioProjects/Snag/.claude/worktrees/phase1-sharing-report/featShared/database/fe/driven/test/src/jvmMain,jvm_desktop,16,1
:featShared:database:fe:driven:test,featShared,database,fe,driven,test,libs.plugins.snag.multiplatform.module,webMain,/Users/timotej.adamec/StudioProjects/Snag/.claude/worktrees/phase1-sharing-report/featShared/database/fe/driven/test/src/webMain,web,4,1
:featShared:storage:be:driven:impl,featShared,storage,be,driven,impl,libs.plugins.snag.backend.module,main,/Users/timotej.adamec/StudioProjects/Snag/.claude/worktrees/phase1-sharing-report/featShared/storage/be/driven/impl/src/main,backend,10,1
:featShared:storage:fe:driven:impl,featShared,storage,fe,driven,impl,libs.plugins.snag.frontend.multiplatform.module,commonMain,/Users/timotej.adamec/StudioProjects/Snag/.claude/worktrees/phase1-sharing-report/featShared/storage/fe/driven/impl/src/commonMain,frontend,7,1
