module_path,category,feature,platform,hex_layer,encapsulation,plugin_applied,source_set,source_set_dir,source_set_dir_rel,platform_set,kotlin_loc,kotlin_files
:androidApp,app,,,,,,main,/Users/timotej.adamec/StudioProjects/Snag/.claude/worktrees/commonize-photo/androidApp/src/main,androidApp/src/main,android,0,0
:composeApp,app,,,,,libs.plugins.snag.driving.frontend.multiplatform.module,androidMain,/Users/timotej.adamec/StudioProjects/Snag/.claude/worktrees/commonize-photo/composeApp/src/androidMain,composeApp/src/androidMain,android,0,0
:composeApp,app,,,,,libs.plugins.snag.driving.frontend.multiplatform.module,commonMain,/Users/timotej.adamec/StudioProjects/Snag/.claude/worktrees/commonize-photo/composeApp/src/commonMain,composeApp/src/commonMain,frontend,0,0
:composeApp,app,,,,,libs.plugins.snag.driving.frontend.multiplatform.module,iosMain,/Users/timotej.adamec/StudioProjects/Snag/.claude/worktrees/commonize-photo/composeApp/src/iosMain,composeApp/src/iosMain,ios,0,0
:composeApp,app,,,,,libs.plugins.snag.driving.frontend.multiplatform.module,jvmMain,/Users/timotej.adamec/StudioProjects/Snag/.claude/worktrees/commonize-photo/composeApp/src/jvmMain,composeApp/src/jvmMain,jvm_desktop,0,0
:composeApp,app,,,,,libs.plugins.snag.driving.frontend.multiplatform.module,jvmTest,/Users/timotej.adamec/StudioProjects/Snag/.claude/worktrees/commonize-photo/composeApp/src/jvmTest,composeApp/src/jvmTest,,0,0
:composeApp,app,,,,,libs.plugins.snag.driving.frontend.multiplatform.module,nonWebMain,/Users/timotej.adamec/StudioProjects/Snag/.claude/worktrees/commonize-photo/composeApp/src/nonWebMain,composeApp/src/nonWebMain,nonWeb_fe,0,0
:composeApp,app,,,,,libs.plugins.snag.driving.frontend.multiplatform.module,webMain,/Users/timotej.adamec/StudioProjects/Snag/.claude/worktrees/commonize-photo/composeApp/src/webMain,composeApp/src/webMain,web,0,0
:server,app,,,,,libs.plugins.snag.impl.driving.backend.module,main,/Users/timotej.adamec/StudioProjects/Snag/.claude/worktrees/commonize-photo/server/src/main,server/src/main,backend,0,0
:server,app,,,,,libs.plugins.snag.impl.driving.backend.module,test,/Users/timotej.adamec/StudioProjects/Snag/.claude/worktrees/commonize-photo/server/src/test,server/src/test,,0,0
:koinModulesAggregate:be,infra,,,,,libs.plugins.snag.backend.module,main,/Users/timotej.adamec/StudioProjects/Snag/.claude/worktrees/commonize-photo/koinModulesAggregate/be/src/main,koinModulesAggregate/be/src/main,backend,0,0
:koinModulesAggregate:fe,infra,,,,,libs.plugins.snag.frontend.multiplatform.module,commonMain,/Users/timotej.adamec/StudioProjects/Snag/.claude/worktrees/commonize-photo/koinModulesAggregate/fe/src/commonMain,koinModulesAggregate/fe/src/commonMain,frontend,0,0
:testInfra:be,infra,,,,,libs.plugins.snag.backend.module,main,/Users/timotej.adamec/StudioProjects/Snag/.claude/worktrees/commonize-photo/testInfra/be/src/main,testInfra/be/src/main,backend,0,0
:testInfra:common,infra,,,,,libs.plugins.snag.multiplatform.module,commonMain,/Users/timotej.adamec/StudioProjects/Snag/.claude/worktrees/commonize-photo/testInfra/common/src/commonMain,testInfra/common/src/commonMain,all,0,0
:testInfra:fe,infra,,,,,libs.plugins.snag.frontend.multiplatform.module,commonMain,/Users/timotej.adamec/StudioProjects/Snag/.claude/worktrees/commonize-photo/testInfra/fe/src/commonMain,testInfra/fe/src/commonMain,frontend,0,0
:core:foundation:be,core,,be,,,libs.plugins.snag.backend.module,main,/Users/timotej.adamec/StudioProjects/Snag/.claude/worktrees/commonize-photo/core/foundation/be/src/main,core/foundation/be/src/main,backend,0,0
:core:foundation:common,core,,common,,,libs.plugins.snag.multiplatform.module,commonMain,/Users/timotej.adamec/StudioProjects/Snag/.claude/worktrees/commonize-photo/core/foundation/common/src/commonMain,core/foundation/common/src/commonMain,all,0,0
:core:foundation:common,core,,common,,,libs.plugins.snag.multiplatform.module,commonTest,/Users/timotej.adamec/StudioProjects/Snag/.claude/worktrees/commonize-photo/core/foundation/common/src/commonTest,core/foundation/common/src/commonTest,,0,0
:core:foundation:common,core,,common,,,libs.plugins.snag.multiplatform.module,nonWebMain,/Users/timotej.adamec/StudioProjects/Snag/.claude/worktrees/commonize-photo/core/foundation/common/src/nonWebMain,core/foundation/common/src/nonWebMain,nonWeb_shared,0,0
:core:foundation:common,core,,common,,,libs.plugins.snag.multiplatform.module,webMain,/Users/timotej.adamec/StudioProjects/Snag/.claude/worktrees/commonize-photo/core/foundation/common/src/webMain,core/foundation/common/src/webMain,web,0,0
:core:foundation:fe,core,,fe,,,libs.plugins.snag.frontend.multiplatform.module,commonMain,/Users/timotej.adamec/StudioProjects/Snag/.claude/worktrees/commonize-photo/core/foundation/fe/src/commonMain,core/foundation/fe/src/commonMain,frontend,0,0
:core:network:fe,core,,fe,,,libs.plugins.snag.frontend.multiplatform.module,commonMain,/Users/timotej.adamec/StudioProjects/Snag/.claude/worktrees/commonize-photo/core/network/fe/src/commonMain,core/network/fe/src/commonMain,frontend,0,0
:core:storage:fe,core,,fe,,,libs.plugins.snag.frontend.multiplatform.module,commonMain,/Users/timotej.adamec/StudioProjects/Snag/.claude/worktrees/commonize-photo/core/storage/fe/src/commonMain,core/storage/fe/src/commonMain,frontend,0,0
:core:storage:fe,core,,fe,,,libs.plugins.snag.frontend.multiplatform.module,nonWebMain,/Users/timotej.adamec/StudioProjects/Snag/.claude/worktrees/commonize-photo/core/storage/fe/src/nonWebMain,core/storage/fe/src/nonWebMain,nonWeb_fe,0,0
:feat:clients:contract,feat,clients,,,contract,libs.plugins.snag.contract.driving.backend.multiplatform.module,commonMain,/Users/timotej.adamec/StudioProjects/Snag/.claude/worktrees/commonize-photo/feat/clients/contract/src/commonMain,feat/clients/contract/src/commonMain,all,0,0
:feat:findings:contract,feat,findings,,,contract,libs.plugins.snag.contract.driving.backend.multiplatform.module,commonMain,/Users/timotej.adamec/StudioProjects/Snag/.claude/worktrees/commonize-photo/feat/findings/contract/src/commonMain,feat/findings/contract/src/commonMain,all,0,0
:feat:inspections:contract,feat,inspections,,,contract,libs.plugins.snag.contract.driving.backend.multiplatform.module,commonMain,/Users/timotej.adamec/StudioProjects/Snag/.claude/worktrees/commonize-photo/feat/inspections/contract/src/commonMain,feat/inspections/contract/src/commonMain,all,0,0
:feat:projects:contract,feat,projects,,,contract,libs.plugins.snag.contract.driving.backend.multiplatform.module,commonMain,/Users/timotej.adamec/StudioProjects/Snag/.claude/worktrees/commonize-photo/feat/projects/contract/src/commonMain,feat/projects/contract/src/commonMain,all,0,0
:feat:reports:contract,feat,reports,,,contract,libs.plugins.snag.contract.driving.backend.multiplatform.module,commonMain,/Users/timotej.adamec/StudioProjects/Snag/.claude/worktrees/commonize-photo/feat/reports/contract/src/commonMain,feat/reports/contract/src/commonMain,all,0,0
:feat:structures:contract,feat,structures,,,contract,libs.plugins.snag.contract.driving.backend.multiplatform.module,commonMain,/Users/timotej.adamec/StudioProjects/Snag/.claude/worktrees/commonize-photo/feat/structures/contract/src/commonMain,feat/structures/contract/src/commonMain,all,0,0
:feat:users:contract,feat,users,,,contract,libs.plugins.snag.contract.driving.backend.multiplatform.module,commonMain,/Users/timotej.adamec/StudioProjects/Snag/.claude/worktrees/commonize-photo/feat/users/contract/src/commonMain,feat/users/contract/src/commonMain,all,0,0
:lib:database:fe,lib,,fe,,,libs.plugins.snag.frontend.multiplatform.module,androidMain,/Users/timotej.adamec/StudioProjects/Snag/.claude/worktrees/commonize-photo/lib/database/fe/src/androidMain,lib/database/fe/src/androidMain,android,0,0
:lib:database:fe,lib,,fe,,,libs.plugins.snag.frontend.multiplatform.module,commonMain,/Users/timotej.adamec/StudioProjects/Snag/.claude/worktrees/commonize-photo/lib/database/fe/src/commonMain,lib/database/fe/src/commonMain,frontend,0,0
:lib:database:fe,lib,,fe,,,libs.plugins.snag.frontend.multiplatform.module,iosMain,/Users/timotej.adamec/StudioProjects/Snag/.claude/worktrees/commonize-photo/lib/database/fe/src/iosMain,lib/database/fe/src/iosMain,ios,0,0
:lib:database:fe,lib,,fe,,,libs.plugins.snag.frontend.multiplatform.module,jvmMain,/Users/timotej.adamec/StudioProjects/Snag/.claude/worktrees/commonize-photo/lib/database/fe/src/jvmMain,lib/database/fe/src/jvmMain,jvm_desktop,0,0
:lib:database:fe,lib,,fe,,,libs.plugins.snag.frontend.multiplatform.module,webMain,/Users/timotej.adamec/StudioProjects/Snag/.claude/worktrees/commonize-photo/lib/database/fe/src/webMain,lib/database/fe/src/webMain,web,0,0
:lib:design:fe,lib,,fe,,,libs.plugins.snag.driving.frontend.multiplatform.module,androidMain,/Users/timotej.adamec/StudioProjects/Snag/.claude/worktrees/commonize-photo/lib/design/fe/src/androidMain,lib/design/fe/src/androidMain,android,0,0
:lib:design:fe,lib,,fe,,,libs.plugins.snag.driving.frontend.multiplatform.module,commonMain,/Users/timotej.adamec/StudioProjects/Snag/.claude/worktrees/commonize-photo/lib/design/fe/src/commonMain,lib/design/fe/src/commonMain,frontend,0,0
:lib:design:fe,lib,,fe,,,libs.plugins.snag.driving.frontend.multiplatform.module,commonTest,/Users/timotej.adamec/StudioProjects/Snag/.claude/worktrees/commonize-photo/lib/design/fe/src/commonTest,lib/design/fe/src/commonTest,,0,0
:lib:design:fe,lib,,fe,,,libs.plugins.snag.driving.frontend.multiplatform.module,jvmMain,/Users/timotej.adamec/StudioProjects/Snag/.claude/worktrees/commonize-photo/lib/design/fe/src/jvmMain,lib/design/fe/src/jvmMain,jvm_desktop,0,0
:lib:design:fe,lib,,fe,,,libs.plugins.snag.driving.frontend.multiplatform.module,nonAndroidMain,/Users/timotej.adamec/StudioProjects/Snag/.claude/worktrees/commonize-photo/lib/design/fe/src/nonAndroidMain,lib/design/fe/src/nonAndroidMain,nonAndroid_fe,0,0
:lib:design:fe,lib,,fe,,,libs.plugins.snag.driving.frontend.multiplatform.module,nonJvmMain,/Users/timotej.adamec/StudioProjects/Snag/.claude/worktrees/commonize-photo/lib/design/fe/src/nonJvmMain,lib/design/fe/src/nonJvmMain,nonJvm,0,0
:lib:routing:be,lib,,be,,,libs.plugins.snag.impl.driving.backend.module,main,/Users/timotej.adamec/StudioProjects/Snag/.claude/worktrees/commonize-photo/lib/routing/be/src/main,lib/routing/be/src/main,backend,0,0
:lib:routing:common,lib,,common,,,libs.plugins.snag.multiplatform.module,commonMain,/Users/timotej.adamec/StudioProjects/Snag/.claude/worktrees/commonize-photo/lib/routing/common/src/commonMain,lib/routing/common/src/commonMain,all,0,0
:lib:routing:fe,lib,,fe,,,libs.plugins.snag.driving.frontend.multiplatform.module,commonMain,/Users/timotej.adamec/StudioProjects/Snag/.claude/worktrees/commonize-photo/lib/routing/fe/src/commonMain,lib/routing/fe/src/commonMain,frontend,0,0
:lib:routing:fe,lib,,fe,,,libs.plugins.snag.driving.frontend.multiplatform.module,webMain,/Users/timotej.adamec/StudioProjects/Snag/.claude/worktrees/commonize-photo/lib/routing/fe/src/webMain,lib/routing/fe/src/webMain,web,0,0
:lib:storage:contract,lib,,,,contract,libs.plugins.snag.contract.driving.backend.multiplatform.module,commonMain,/Users/timotej.adamec/StudioProjects/Snag/.claude/worktrees/commonize-photo/lib/storage/contract/src/commonMain,lib/storage/contract/src/commonMain,all,0,0
:core:business:rules:api,core,,,,api,libs.plugins.snag.multiplatform.module,commonMain,/Users/timotej.adamec/StudioProjects/Snag/.claude/worktrees/commonize-photo/core/business/rules/api/src/commonMain,core/business/rules/api/src/commonMain,all,0,0
:core:business:rules:impl,core,,,,impl,libs.plugins.snag.multiplatform.module,commonMain,/Users/timotej.adamec/StudioProjects/Snag/.claude/worktrees/commonize-photo/core/business/rules/impl/src/commonMain,core/business/rules/impl/src/commonMain,all,0,0
:core:business:rules:impl,core,,,,impl,libs.plugins.snag.multiplatform.module,commonTest,/Users/timotej.adamec/StudioProjects/Snag/.claude/worktrees/commonize-photo/core/business/rules/impl/src/commonTest,core/business/rules/impl/src/commonTest,,0,0
:feat:authentication:app:model,feat,authentication,,app,,libs.plugins.snag.multiplatform.module,commonMain,/Users/timotej.adamec/StudioProjects/Snag/.claude/worktrees/commonize-photo/feat/authentication/app/model/src/commonMain,feat/authentication/app/model/src/commonMain,all,0,0
:feat:authentication:fe:ports,feat,authentication,fe,ports,,libs.plugins.snag.frontend.multiplatform.module,commonMain,/Users/timotej.adamec/StudioProjects/Snag/.claude/worktrees/commonize-photo/feat/authentication/fe/ports/src/commonMain,feat/authentication/fe/ports/src/commonMain,frontend,0,0
:feat:authorization:business:model,feat,authorization,,business,,libs.plugins.snag.multiplatform.module,commonMain,/Users/timotej.adamec/StudioProjects/Snag/.claude/worktrees/commonize-photo/feat/authorization/business/model/src/commonMain,feat/authorization/business/model/src/commonMain,all,0,0
:feat:clients:app:model,feat,clients,,app,,libs.plugins.snag.multiplatform.module,commonMain,/Users/timotej.adamec/StudioProjects/Snag/.claude/worktrees/commonize-photo/feat/clients/app/model/src/commonMain,feat/clients/app/model/src/commonMain,all,0,0
:feat:clients:be:ports,feat,clients,be,ports,,libs.plugins.snag.backend.module,main,/Users/timotej.adamec/StudioProjects/Snag/.claude/worktrees/commonize-photo/feat/clients/be/ports/src/main,feat/clients/be/ports/src/main,backend,0,0
:feat:clients:business:model,feat,clients,,business,,libs.plugins.snag.multiplatform.module,commonMain,/Users/timotej.adamec/StudioProjects/Snag/.claude/worktrees/commonize-photo/feat/clients/business/model/src/commonMain,feat/clients/business/model/src/commonMain,all,0,0
:feat:clients:business:rules,feat,clients,,business,,libs.plugins.snag.multiplatform.module,commonMain,/Users/timotej.adamec/StudioProjects/Snag/.claude/worktrees/commonize-photo/feat/clients/business/rules/src/commonMain,feat/clients/business/rules/src/commonMain,all,0,0
:feat:clients:business:rules,feat,clients,,business,,libs.plugins.snag.multiplatform.module,commonTest,/Users/timotej.adamec/StudioProjects/Snag/.claude/worktrees/commonize-photo/feat/clients/business/rules/src/commonTest,feat/clients/business/rules/src/commonTest,,0,0
:feat:clients:fe:ports,feat,clients,fe,ports,,libs.plugins.snag.frontend.multiplatform.module,commonMain,/Users/timotej.adamec/StudioProjects/Snag/.claude/worktrees/commonize-photo/feat/clients/fe/ports/src/commonMain,feat/clients/fe/ports/src/commonMain,frontend,0,0
:feat:findings:app:model,feat,findings,,app,,libs.plugins.snag.multiplatform.module,commonMain,/Users/timotej.adamec/StudioProjects/Snag/.claude/worktrees/commonize-photo/feat/findings/app/model/src/commonMain,feat/findings/app/model/src/commonMain,all,0,0
:feat:findings:be:ports,feat,findings,be,ports,,libs.plugins.snag.backend.module,main,/Users/timotej.adamec/StudioProjects/Snag/.claude/worktrees/commonize-photo/feat/findings/be/ports/src/main,feat/findings/be/ports/src/main,backend,0,0
:feat:findings:business:model,feat,findings,,business,,libs.plugins.snag.multiplatform.module,commonMain,/Users/timotej.adamec/StudioProjects/Snag/.claude/worktrees/commonize-photo/feat/findings/business/model/src/commonMain,feat/findings/business/model/src/commonMain,all,0,0
:feat:findings:fe:ports,feat,findings,fe,ports,,libs.plugins.snag.frontend.multiplatform.module,commonMain,/Users/timotej.adamec/StudioProjects/Snag/.claude/worktrees/commonize-photo/feat/findings/fe/ports/src/commonMain,feat/findings/fe/ports/src/commonMain,frontend,0,0
:feat:inspections:app:model,feat,inspections,,app,,libs.plugins.snag.multiplatform.module,commonMain,/Users/timotej.adamec/StudioProjects/Snag/.claude/worktrees/commonize-photo/feat/inspections/app/model/src/commonMain,feat/inspections/app/model/src/commonMain,all,0,0
:feat:inspections:be:ports,feat,inspections,be,ports,,libs.plugins.snag.backend.module,main,/Users/timotej.adamec/StudioProjects/Snag/.claude/worktrees/commonize-photo/feat/inspections/be/ports/src/main,feat/inspections/be/ports/src/main,backend,0,0
:feat:inspections:business:model,feat,inspections,,business,,libs.plugins.snag.multiplatform.module,commonMain,/Users/timotej.adamec/StudioProjects/Snag/.claude/worktrees/commonize-photo/feat/inspections/business/model/src/commonMain,feat/inspections/business/model/src/commonMain,all,0,0
:feat:inspections:fe:ports,feat,inspections,fe,ports,,libs.plugins.snag.frontend.multiplatform.module,commonMain,/Users/timotej.adamec/StudioProjects/Snag/.claude/worktrees/commonize-photo/feat/inspections/fe/ports/src/commonMain,feat/inspections/fe/ports/src/commonMain,frontend,0,0
:feat:projects:app:model,feat,projects,,app,,libs.plugins.snag.multiplatform.module,commonMain,/Users/timotej.adamec/StudioProjects/Snag/.claude/worktrees/commonize-photo/feat/projects/app/model/src/commonMain,feat/projects/app/model/src/commonMain,all,0,0
:feat:projects:be:ports,feat,projects,be,ports,,libs.plugins.snag.backend.module,main,/Users/timotej.adamec/StudioProjects/Snag/.claude/worktrees/commonize-photo/feat/projects/be/ports/src/main,feat/projects/be/ports/src/main,backend,0,0
:feat:projects:business:model,feat,projects,,business,,libs.plugins.snag.multiplatform.module,commonMain,/Users/timotej.adamec/StudioProjects/Snag/.claude/worktrees/commonize-photo/feat/projects/business/model/src/commonMain,feat/projects/business/model/src/commonMain,all,0,0
:feat:projects:business:rules,feat,projects,,business,,libs.plugins.snag.multiplatform.module,commonMain,/Users/timotej.adamec/StudioProjects/Snag/.claude/worktrees/commonize-photo/feat/projects/business/rules/src/commonMain,feat/projects/business/rules/src/commonMain,all,0,0
:feat:projects:business:rules,feat,projects,,business,,libs.plugins.snag.multiplatform.module,commonTest,/Users/timotej.adamec/StudioProjects/Snag/.claude/worktrees/commonize-photo/feat/projects/business/rules/src/commonTest,feat/projects/business/rules/src/commonTest,,0,0
:feat:projects:fe:ports,feat,projects,fe,ports,,libs.plugins.snag.frontend.multiplatform.module,commonMain,/Users/timotej.adamec/StudioProjects/Snag/.claude/worktrees/commonize-photo/feat/projects/fe/ports/src/commonMain,feat/projects/fe/ports/src/commonMain,frontend,0,0
:feat:reports:be:ports,feat,reports,be,ports,,libs.plugins.snag.backend.module,main,/Users/timotej.adamec/StudioProjects/Snag/.claude/worktrees/commonize-photo/feat/reports/be/ports/src/main,feat/reports/be/ports/src/main,backend,0,0
:feat:reports:business:model,feat,reports,,business,,libs.plugins.snag.multiplatform.module,commonMain,/Users/timotej.adamec/StudioProjects/Snag/.claude/worktrees/commonize-photo/feat/reports/business/model/src/commonMain,feat/reports/business/model/src/commonMain,all,0,0
:feat:reports:business:rules,feat,reports,,business,,libs.plugins.snag.multiplatform.module,commonMain,/Users/timotej.adamec/StudioProjects/Snag/.claude/worktrees/commonize-photo/feat/reports/business/rules/src/commonMain,feat/reports/business/rules/src/commonMain,all,0,0
:feat:reports:business:rules,feat,reports,,business,,libs.plugins.snag.multiplatform.module,commonTest,/Users/timotej.adamec/StudioProjects/Snag/.claude/worktrees/commonize-photo/feat/reports/business/rules/src/commonTest,feat/reports/business/rules/src/commonTest,,0,0
:feat:reports:fe:ports,feat,reports,fe,ports,,libs.plugins.snag.frontend.multiplatform.module,commonMain,/Users/timotej.adamec/StudioProjects/Snag/.claude/worktrees/commonize-photo/feat/reports/fe/ports/src/commonMain,feat/reports/fe/ports/src/commonMain,frontend,0,0
:feat:structures:app:model,feat,structures,,app,,libs.plugins.snag.multiplatform.module,commonMain,/Users/timotej.adamec/StudioProjects/Snag/.claude/worktrees/commonize-photo/feat/structures/app/model/src/commonMain,feat/structures/app/model/src/commonMain,all,0,0
:feat:structures:be:ports,feat,structures,be,ports,,libs.plugins.snag.backend.module,main,/Users/timotej.adamec/StudioProjects/Snag/.claude/worktrees/commonize-photo/feat/structures/be/ports/src/main,feat/structures/be/ports/src/main,backend,0,0
:feat:structures:business:model,feat,structures,,business,,libs.plugins.snag.multiplatform.module,commonMain,/Users/timotej.adamec/StudioProjects/Snag/.claude/worktrees/commonize-photo/feat/structures/business/model/src/commonMain,feat/structures/business/model/src/commonMain,all,0,0
:feat:structures:fe:ports,feat,structures,fe,ports,,libs.plugins.snag.frontend.multiplatform.module,commonMain,/Users/timotej.adamec/StudioProjects/Snag/.claude/worktrees/commonize-photo/feat/structures/fe/ports/src/commonMain,feat/structures/fe/ports/src/commonMain,frontend,0,0
:feat:sync:business:model,feat,sync,,business,,libs.plugins.snag.multiplatform.module,commonMain,/Users/timotej.adamec/StudioProjects/Snag/.claude/worktrees/commonize-photo/feat/sync/business/model/src/commonMain,feat/sync/business/model/src/commonMain,all,0,0
:feat:sync:fe:ports,feat,sync,fe,ports,,libs.plugins.snag.frontend.multiplatform.module,commonMain,/Users/timotej.adamec/StudioProjects/Snag/.claude/worktrees/commonize-photo/feat/sync/fe/ports/src/commonMain,feat/sync/fe/ports/src/commonMain,frontend,0,0
:feat:users:app:model,feat,users,,app,,libs.plugins.snag.multiplatform.module,commonMain,/Users/timotej.adamec/StudioProjects/Snag/.claude/worktrees/commonize-photo/feat/users/app/model/src/commonMain,feat/users/app/model/src/commonMain,all,0,0
:feat:users:be:ports,feat,users,be,ports,,libs.plugins.snag.backend.module,main,/Users/timotej.adamec/StudioProjects/Snag/.claude/worktrees/commonize-photo/feat/users/be/ports/src/main,feat/users/be/ports/src/main,backend,0,0
:feat:users:business:model,feat,users,,business,,libs.plugins.snag.multiplatform.module,commonMain,/Users/timotej.adamec/StudioProjects/Snag/.claude/worktrees/commonize-photo/feat/users/business/model/src/commonMain,feat/users/business/model/src/commonMain,all,0,0
:feat:users:business:rules,feat,users,,business,,libs.plugins.snag.multiplatform.module,commonMain,/Users/timotej.adamec/StudioProjects/Snag/.claude/worktrees/commonize-photo/feat/users/business/rules/src/commonMain,feat/users/business/rules/src/commonMain,all,0,0
:feat:users:business:rules,feat,users,,business,,libs.plugins.snag.multiplatform.module,commonTest,/Users/timotej.adamec/StudioProjects/Snag/.claude/worktrees/commonize-photo/feat/users/business/rules/src/commonTest,feat/users/business/rules/src/commonTest,,0,0
:feat:users:fe:ports,feat,users,fe,ports,,libs.plugins.snag.frontend.multiplatform.module,commonMain,/Users/timotej.adamec/StudioProjects/Snag/.claude/worktrees/commonize-photo/feat/users/fe/ports/src/commonMain,feat/users/fe/ports/src/commonMain,frontend,0,0
:lib:configuration:be:api,lib,,be,,api,libs.plugins.snag.backend.module,main,/Users/timotej.adamec/StudioProjects/Snag/.claude/worktrees/commonize-photo/lib/configuration/be/api/src/main,lib/configuration/be/api/src/main,backend,0,0
:lib:configuration:common:api,lib,,common,,api,libs.plugins.snag.multiplatform.module,commonMain,/Users/timotej.adamec/StudioProjects/Snag/.claude/worktrees/commonize-photo/lib/configuration/common/api/src/commonMain,lib/configuration/common/api/src/commonMain,all,0,0
:lib:configuration:fe:api,lib,,fe,,api,libs.plugins.snag.multiplatform.module,commonMain,/Users/timotej.adamec/StudioProjects/Snag/.claude/worktrees/commonize-photo/lib/configuration/fe/api/src/commonMain,lib/configuration/fe/api/src/commonMain,frontend,0,0
:lib:configuration:fe:api,lib,,fe,,api,libs.plugins.snag.multiplatform.module,jvmMain,/Users/timotej.adamec/StudioProjects/Snag/.claude/worktrees/commonize-photo/lib/configuration/fe/api/src/jvmMain,lib/configuration/fe/api/src/jvmMain,jvm_desktop,0,0
:lib:configuration:fe:api,lib,,fe,,api,libs.plugins.snag.multiplatform.module,mobileMain,/Users/timotej.adamec/StudioProjects/Snag/.claude/worktrees/commonize-photo/lib/configuration/fe/api/src/mobileMain,lib/configuration/fe/api/src/mobileMain,mobile,0,0
:lib:configuration:fe:api,lib,,fe,,api,libs.plugins.snag.multiplatform.module,webMain,/Users/timotej.adamec/StudioProjects/Snag/.claude/worktrees/commonize-photo/lib/configuration/fe/api/src/webMain,lib/configuration/fe/api/src/webMain,web,0,0
:lib:database:fe:test,lib,,fe,,test,libs.plugins.snag.frontend.multiplatform.module,commonMain,/Users/timotej.adamec/StudioProjects/Snag/.claude/worktrees/commonize-photo/lib/database/fe/test/src/commonMain,lib/database/fe/test/src/commonMain,frontend,0,0
:lib:network:be:api,lib,,be,,api,libs.plugins.snag.backend.module,main,/Users/timotej.adamec/StudioProjects/Snag/.claude/worktrees/commonize-photo/lib/network/be/api/src/main,lib/network/be/api/src/main,backend,0,0
:lib:network:be:impl,lib,,be,,impl,libs.plugins.snag.impl.driving.backend.module,main,/Users/timotej.adamec/StudioProjects/Snag/.claude/worktrees/commonize-photo/lib/network/be/impl/src/main,lib/network/be/impl/src/main,backend,0,0
:lib:network:be:test,lib,,be,,test,libs.plugins.snag.backend.module,main,/Users/timotej.adamec/StudioProjects/Snag/.claude/worktrees/commonize-photo/lib/network/be/test/src/main,lib/network/be/test/src/main,backend,0,0
:lib:network:common:impl,lib,,common,,impl,libs.plugins.snag.multiplatform.module,commonMain,/Users/timotej.adamec/StudioProjects/Snag/.claude/worktrees/commonize-photo/lib/network/common/impl/src/commonMain,lib/network/common/impl/src/commonMain,all,0,0
:lib:network:fe:api,lib,,fe,,api,libs.plugins.snag.frontend.multiplatform.module,commonMain,/Users/timotej.adamec/StudioProjects/Snag/.claude/worktrees/commonize-photo/lib/network/fe/api/src/commonMain,lib/network/fe/api/src/commonMain,frontend,0,0
:lib:network:fe:impl,lib,,fe,,impl,libs.plugins.snag.network.frontend.multiplatform.module,commonMain,/Users/timotej.adamec/StudioProjects/Snag/.claude/worktrees/commonize-photo/lib/network/fe/impl/src/commonMain,lib/network/fe/impl/src/commonMain,frontend,0,0
:lib:network:fe:impl,lib,,fe,,impl,libs.plugins.snag.network.frontend.multiplatform.module,commonTest,/Users/timotej.adamec/StudioProjects/Snag/.claude/worktrees/commonize-photo/lib/network/fe/impl/src/commonTest,lib/network/fe/impl/src/commonTest,,0,0
:lib:network:fe:impl,lib,,fe,,impl,libs.plugins.snag.network.frontend.multiplatform.module,jsMain,/Users/timotej.adamec/StudioProjects/Snag/.claude/worktrees/commonize-photo/lib/network/fe/impl/src/jsMain,lib/network/fe/impl/src/jsMain,js,0,0
:lib:network:fe:impl,lib,,fe,,impl,libs.plugins.snag.network.frontend.multiplatform.module,nonWebMain,/Users/timotej.adamec/StudioProjects/Snag/.claude/worktrees/commonize-photo/lib/network/fe/impl/src/nonWebMain,lib/network/fe/impl/src/nonWebMain,nonWeb_fe,0,0
:lib:network:fe:impl,lib,,fe,,impl,libs.plugins.snag.network.frontend.multiplatform.module,wasmJsMain,/Users/timotej.adamec/StudioProjects/Snag/.claude/worktrees/commonize-photo/lib/network/fe/impl/src/wasmJsMain,lib/network/fe/impl/src/wasmJsMain,wasmJs,0,0
:lib:network:fe:impl,lib,,fe,,impl,libs.plugins.snag.network.frontend.multiplatform.module,webMain,/Users/timotej.adamec/StudioProjects/Snag/.claude/worktrees/commonize-photo/lib/network/fe/impl/src/webMain,lib/network/fe/impl/src/webMain,web,0,0
:lib:network:fe:test,lib,,fe,,test,libs.plugins.snag.frontend.multiplatform.module,commonMain,/Users/timotej.adamec/StudioProjects/Snag/.claude/worktrees/commonize-photo/lib/network/fe/test/src/commonMain,lib/network/fe/test/src/commonMain,frontend,0,0
:lib:storage:be:api,lib,,be,,api,libs.plugins.snag.backend.module,main,/Users/timotej.adamec/StudioProjects/Snag/.claude/worktrees/commonize-photo/lib/storage/be/api/src/main,lib/storage/be/api/src/main,backend,0,0
:lib:storage:be:impl,lib,,be,,impl,libs.plugins.snag.impl.driving.backend.module,main,/Users/timotej.adamec/StudioProjects/Snag/.claude/worktrees/commonize-photo/lib/storage/be/impl/src/main,lib/storage/be/impl/src/main,backend,0,0
:lib:storage:be:impl,lib,,be,,impl,libs.plugins.snag.impl.driving.backend.module,test,/Users/timotej.adamec/StudioProjects/Snag/.claude/worktrees/commonize-photo/lib/storage/be/impl/src/test,lib/storage/be/impl/src/test,,0,0
:lib:storage:be:test,lib,,be,,test,libs.plugins.snag.backend.module,main,/Users/timotej.adamec/StudioProjects/Snag/.claude/worktrees/commonize-photo/lib/storage/be/test/src/main,lib/storage/be/test/src/main,backend,0,0
:lib:storage:fe:api,lib,,fe,,api,libs.plugins.snag.frontend.multiplatform.module,commonMain,/Users/timotej.adamec/StudioProjects/Snag/.claude/worktrees/commonize-photo/lib/storage/fe/api/src/commonMain,lib/storage/fe/api/src/commonMain,frontend,0,0
:lib:storage:fe:impl,lib,,fe,,impl,libs.plugins.snag.driven.frontend.multiplatform.module,androidMain,/Users/timotej.adamec/StudioProjects/Snag/.claude/worktrees/commonize-photo/lib/storage/fe/impl/src/androidMain,lib/storage/fe/impl/src/androidMain,android,0,0
:lib:storage:fe:impl,lib,,fe,,impl,libs.plugins.snag.driven.frontend.multiplatform.module,commonMain,/Users/timotej.adamec/StudioProjects/Snag/.claude/worktrees/commonize-photo/lib/storage/fe/impl/src/commonMain,lib/storage/fe/impl/src/commonMain,frontend,0,0
:lib:storage:fe:impl,lib,,fe,,impl,libs.plugins.snag.driven.frontend.multiplatform.module,iosMain,/Users/timotej.adamec/StudioProjects/Snag/.claude/worktrees/commonize-photo/lib/storage/fe/impl/src/iosMain,lib/storage/fe/impl/src/iosMain,ios,0,0
:lib:storage:fe:impl,lib,,fe,,impl,libs.plugins.snag.driven.frontend.multiplatform.module,jvmMain,/Users/timotej.adamec/StudioProjects/Snag/.claude/worktrees/commonize-photo/lib/storage/fe/impl/src/jvmMain,lib/storage/fe/impl/src/jvmMain,jvm_desktop,0,0
:lib:storage:fe:impl,lib,,fe,,impl,libs.plugins.snag.driven.frontend.multiplatform.module,nonWebMain,/Users/timotej.adamec/StudioProjects/Snag/.claude/worktrees/commonize-photo/lib/storage/fe/impl/src/nonWebMain,lib/storage/fe/impl/src/nonWebMain,nonWeb_fe,0,0
:lib:storage:fe:impl,lib,,fe,,impl,libs.plugins.snag.driven.frontend.multiplatform.module,webMain,/Users/timotej.adamec/StudioProjects/Snag/.claude/worktrees/commonize-photo/lib/storage/fe/impl/src/webMain,lib/storage/fe/impl/src/webMain,web,0,0
:lib:storage:fe:test,lib,,fe,,test,libs.plugins.snag.frontend.multiplatform.module,commonMain,/Users/timotej.adamec/StudioProjects/Snag/.claude/worktrees/commonize-photo/lib/storage/fe/test/src/commonMain,lib/storage/fe/test/src/commonMain,frontend,0,0
:lib:storage:fe:test,lib,,fe,,test,libs.plugins.snag.frontend.multiplatform.module,nonWebMain,/Users/timotej.adamec/StudioProjects/Snag/.claude/worktrees/commonize-photo/lib/storage/fe/test/src/nonWebMain,lib/storage/fe/test/src/nonWebMain,nonWeb_fe,0,0
:lib:storage:fe:test,lib,,fe,,test,libs.plugins.snag.frontend.multiplatform.module,webMain,/Users/timotej.adamec/StudioProjects/Snag/.claude/worktrees/commonize-photo/lib/storage/fe/test/src/webMain,lib/storage/fe/test/src/webMain,web,0,0
:feat:authentication:be:driving:api,feat,authentication,be,driving,api,libs.plugins.snag.backend.module,main,/Users/timotej.adamec/StudioProjects/Snag/.claude/worktrees/commonize-photo/feat/authentication/be/driving/api/src/main,feat/authentication/be/driving/api/src/main,backend,0,0
:feat:authentication:be:driving:impl,feat,authentication,be,driving,impl,libs.plugins.snag.impl.driving.backend.module,main,/Users/timotej.adamec/StudioProjects/Snag/.claude/worktrees/commonize-photo/feat/authentication/be/driving/impl/src/main,feat/authentication/be/driving/impl/src/main,backend,0,0
:feat:authentication:be:driving:impl,feat,authentication,be,driving,impl,libs.plugins.snag.impl.driving.backend.module,test,/Users/timotej.adamec/StudioProjects/Snag/.claude/worktrees/commonize-photo/feat/authentication/be/driving/impl/src/test,feat/authentication/be/driving/impl/src/test,,0,0
:feat:authentication:be:driving:test,feat,authentication,be,driving,test,libs.plugins.snag.backend.module,main,/Users/timotej.adamec/StudioProjects/Snag/.claude/worktrees/commonize-photo/feat/authentication/be/driving/test/src/main,feat/authentication/be/driving/test/src/main,backend,0,0
:feat:authentication:fe:app:api,feat,authentication,fe,app,api,libs.plugins.snag.multiplatform.module,commonMain,/Users/timotej.adamec/StudioProjects/Snag/.claude/worktrees/commonize-photo/feat/authentication/fe/app/api/src/commonMain,feat/authentication/fe/app/api/src/commonMain,frontend,0,0
:feat:authentication:fe:app:impl,feat,authentication,fe,app,impl,libs.plugins.snag.frontend.multiplatform.module,commonMain,/Users/timotej.adamec/StudioProjects/Snag/.claude/worktrees/commonize-photo/feat/authentication/fe/app/impl/src/commonMain,feat/authentication/fe/app/impl/src/commonMain,frontend,0,0
:feat:authentication:fe:app:impl,feat,authentication,fe,app,impl,libs.plugins.snag.frontend.multiplatform.module,commonTest,/Users/timotej.adamec/StudioProjects/Snag/.claude/worktrees/commonize-photo/feat/authentication/fe/app/impl/src/commonTest,feat/authentication/fe/app/impl/src/commonTest,,0,0
:feat:authentication:fe:driven:impl,feat,authentication,fe,driven,impl,libs.plugins.snag.driven.frontend.multiplatform.module,androidMain,/Users/timotej.adamec/StudioProjects/Snag/.claude/worktrees/commonize-photo/feat/authentication/fe/driven/impl/src/androidMain,feat/authentication/fe/driven/impl/src/androidMain,android,0,0
:feat:authentication:fe:driven:impl,feat,authentication,fe,driven,impl,libs.plugins.snag.driven.frontend.multiplatform.module,commonMain,/Users/timotej.adamec/StudioProjects/Snag/.claude/worktrees/commonize-photo/feat/authentication/fe/driven/impl/src/commonMain,feat/authentication/fe/driven/impl/src/commonMain,frontend,0,0
:feat:authentication:fe:driven:impl,feat,authentication,fe,driven,impl,libs.plugins.snag.driven.frontend.multiplatform.module,iosMain,/Users/timotej.adamec/StudioProjects/Snag/.claude/worktrees/commonize-photo/feat/authentication/fe/driven/impl/src/iosMain,feat/authentication/fe/driven/impl/src/iosMain,ios,0,0
:feat:authentication:fe:driven:impl,feat,authentication,fe,driven,impl,libs.plugins.snag.driven.frontend.multiplatform.module,jvmMain,/Users/timotej.adamec/StudioProjects/Snag/.claude/worktrees/commonize-photo/feat/authentication/fe/driven/impl/src/jvmMain,feat/authentication/fe/driven/impl/src/jvmMain,jvm_desktop,0,0
:feat:authentication:fe:driven:impl,feat,authentication,fe,driven,impl,libs.plugins.snag.driven.frontend.multiplatform.module,webMain,/Users/timotej.adamec/StudioProjects/Snag/.claude/worktrees/commonize-photo/feat/authentication/fe/driven/impl/src/webMain,feat/authentication/fe/driven/impl/src/webMain,web,0,0
:feat:authentication:fe:driven:test,feat,authentication,fe,driven,test,libs.plugins.snag.frontend.multiplatform.module,commonMain,/Users/timotej.adamec/StudioProjects/Snag/.claude/worktrees/commonize-photo/feat/authentication/fe/driven/test/src/commonMain,feat/authentication/fe/driven/test/src/commonMain,frontend,0,0
:feat:authentication:fe:driving:api,feat,authentication,fe,driving,api,libs.plugins.snag.driving.frontend.multiplatform.module,commonMain,/Users/timotej.adamec/StudioProjects/Snag/.claude/worktrees/commonize-photo/feat/authentication/fe/driving/api/src/commonMain,feat/authentication/fe/driving/api/src/commonMain,frontend,0,0
:feat:authentication:fe:driving:impl,feat,authentication,fe,driving,impl,libs.plugins.snag.driving.frontend.multiplatform.module,commonMain,/Users/timotej.adamec/StudioProjects/Snag/.claude/worktrees/commonize-photo/feat/authentication/fe/driving/impl/src/commonMain,feat/authentication/fe/driving/impl/src/commonMain,frontend,0,0
:feat:authorization:be:driving:api,feat,authorization,be,driving,api,libs.plugins.snag.backend.module,main,/Users/timotej.adamec/StudioProjects/Snag/.claude/worktrees/commonize-photo/feat/authorization/be/driving/api/src/main,feat/authorization/be/driving/api/src/main,backend,0,0
:feat:authorization:be:driving:impl,feat,authorization,be,driving,impl,libs.plugins.snag.impl.driving.backend.module,main,/Users/timotej.adamec/StudioProjects/Snag/.claude/worktrees/commonize-photo/feat/authorization/be/driving/impl/src/main,feat/authorization/be/driving/impl/src/main,backend,0,0
:feat:clients:be:app:api,feat,clients,be,app,api,libs.plugins.snag.backend.module,main,/Users/timotej.adamec/StudioProjects/Snag/.claude/worktrees/commonize-photo/feat/clients/be/app/api/src/main,feat/clients/be/app/api/src/main,backend,0,0
:feat:clients:be:app:impl,feat,clients,be,app,impl,libs.plugins.snag.backend.module,main,/Users/timotej.adamec/StudioProjects/Snag/.claude/worktrees/commonize-photo/feat/clients/be/app/impl/src/main,feat/clients/be/app/impl/src/main,backend,0,0
:feat:clients:be:app:impl,feat,clients,be,app,impl,libs.plugins.snag.backend.module,test,/Users/timotej.adamec/StudioProjects/Snag/.claude/worktrees/commonize-photo/feat/clients/be/app/impl/src/test,feat/clients/be/app/impl/src/test,,0,0
:feat:clients:be:app:model,feat,clients,be,app,,libs.plugins.snag.backend.module,main,/Users/timotej.adamec/StudioProjects/Snag/.claude/worktrees/commonize-photo/feat/clients/be/app/model/src/main,feat/clients/be/app/model/src/main,backend,0,0
:feat:clients:be:driven:impl,feat,clients,be,driven,impl,libs.plugins.snag.driven.backend.module,main,/Users/timotej.adamec/StudioProjects/Snag/.claude/worktrees/commonize-photo/feat/clients/be/driven/impl/src/main,feat/clients/be/driven/impl/src/main,backend,0,0
:feat:clients:be:driven:test,feat,clients,be,driven,test,libs.plugins.snag.backend.module,main,/Users/timotej.adamec/StudioProjects/Snag/.claude/worktrees/commonize-photo/feat/clients/be/driven/test/src/main,feat/clients/be/driven/test/src/main,backend,0,0
:feat:clients:be:driving:impl,feat,clients,be,driving,impl,libs.plugins.snag.impl.driving.backend.module,main,/Users/timotej.adamec/StudioProjects/Snag/.claude/worktrees/commonize-photo/feat/clients/be/driving/impl/src/main,feat/clients/be/driving/impl/src/main,backend,0,0
:feat:clients:be:driving:impl,feat,clients,be,driving,impl,libs.plugins.snag.impl.driving.backend.module,test,/Users/timotej.adamec/StudioProjects/Snag/.claude/worktrees/commonize-photo/feat/clients/be/driving/impl/src/test,feat/clients/be/driving/impl/src/test,,0,0
:feat:clients:fe:app:api,feat,clients,fe,app,api,libs.plugins.snag.frontend.multiplatform.module,commonMain,/Users/timotej.adamec/StudioProjects/Snag/.claude/worktrees/commonize-photo/feat/clients/fe/app/api/src/commonMain,feat/clients/fe/app/api/src/commonMain,frontend,0,0
:feat:clients:fe:app:impl,feat,clients,fe,app,impl,libs.plugins.snag.frontend.multiplatform.module,commonMain,/Users/timotej.adamec/StudioProjects/Snag/.claude/worktrees/commonize-photo/feat/clients/fe/app/impl/src/commonMain,feat/clients/fe/app/impl/src/commonMain,frontend,0,0
:feat:clients:fe:app:impl,feat,clients,fe,app,impl,libs.plugins.snag.frontend.multiplatform.module,commonTest,/Users/timotej.adamec/StudioProjects/Snag/.claude/worktrees/commonize-photo/feat/clients/fe/app/impl/src/commonTest,feat/clients/fe/app/impl/src/commonTest,,0,0
:feat:clients:fe:driven:impl,feat,clients,fe,driven,impl,libs.plugins.snag.driven.frontend.multiplatform.module,commonMain,/Users/timotej.adamec/StudioProjects/Snag/.claude/worktrees/commonize-photo/feat/clients/fe/driven/impl/src/commonMain,feat/clients/fe/driven/impl/src/commonMain,frontend,0,0
:feat:clients:fe:driven:test,feat,clients,fe,driven,test,libs.plugins.snag.driven.frontend.multiplatform.module,commonMain,/Users/timotej.adamec/StudioProjects/Snag/.claude/worktrees/commonize-photo/feat/clients/fe/driven/test/src/commonMain,feat/clients/fe/driven/test/src/commonMain,frontend,0,0
:feat:clients:fe:driving:api,feat,clients,fe,driving,api,libs.plugins.snag.driving.frontend.multiplatform.module,commonMain,/Users/timotej.adamec/StudioProjects/Snag/.claude/worktrees/commonize-photo/feat/clients/fe/driving/api/src/commonMain,feat/clients/fe/driving/api/src/commonMain,frontend,0,0
:feat:clients:fe:driving:api,feat,clients,fe,driving,api,libs.plugins.snag.driving.frontend.multiplatform.module,nonWebMain,/Users/timotej.adamec/StudioProjects/Snag/.claude/worktrees/commonize-photo/feat/clients/fe/driving/api/src/nonWebMain,feat/clients/fe/driving/api/src/nonWebMain,nonWeb_fe,0,0
:feat:clients:fe:driving:api,feat,clients,fe,driving,api,libs.plugins.snag.driving.frontend.multiplatform.module,webMain,/Users/timotej.adamec/StudioProjects/Snag/.claude/worktrees/commonize-photo/feat/clients/fe/driving/api/src/webMain,feat/clients/fe/driving/api/src/webMain,web,0,0
:feat:clients:fe:driving:impl,feat,clients,fe,driving,impl,libs.plugins.snag.driving.frontend.multiplatform.module,commonMain,/Users/timotej.adamec/StudioProjects/Snag/.claude/worktrees/commonize-photo/feat/clients/fe/driving/impl/src/commonMain,feat/clients/fe/driving/impl/src/commonMain,frontend,0,0
:feat:clients:fe:driving:impl,feat,clients,fe,driving,impl,libs.plugins.snag.driving.frontend.multiplatform.module,commonTest,/Users/timotej.adamec/StudioProjects/Snag/.claude/worktrees/commonize-photo/feat/clients/fe/driving/impl/src/commonTest,feat/clients/fe/driving/impl/src/commonTest,,0,0
:feat:clients:fe:driving:impl,feat,clients,fe,driving,impl,libs.plugins.snag.driving.frontend.multiplatform.module,nonWebMain,/Users/timotej.adamec/StudioProjects/Snag/.claude/worktrees/commonize-photo/feat/clients/fe/driving/impl/src/nonWebMain,feat/clients/fe/driving/impl/src/nonWebMain,nonWeb_fe,0,0
:feat:clients:fe:driving:impl,feat,clients,fe,driving,impl,libs.plugins.snag.driving.frontend.multiplatform.module,webMain,/Users/timotej.adamec/StudioProjects/Snag/.claude/worktrees/commonize-photo/feat/clients/fe/driving/impl/src/webMain,feat/clients/fe/driving/impl/src/webMain,web,0,0
:feat:findings:be:app:api,feat,findings,be,app,api,libs.plugins.snag.backend.module,main,/Users/timotej.adamec/StudioProjects/Snag/.claude/worktrees/commonize-photo/feat/findings/be/app/api/src/main,feat/findings/be/app/api/src/main,backend,0,0
:feat:findings:be:app:impl,feat,findings,be,app,impl,libs.plugins.snag.backend.module,main,/Users/timotej.adamec/StudioProjects/Snag/.claude/worktrees/commonize-photo/feat/findings/be/app/impl/src/main,feat/findings/be/app/impl/src/main,backend,0,0
:feat:findings:be:app:impl,feat,findings,be,app,impl,libs.plugins.snag.backend.module,test,/Users/timotej.adamec/StudioProjects/Snag/.claude/worktrees/commonize-photo/feat/findings/be/app/impl/src/test,feat/findings/be/app/impl/src/test,,0,0
:feat:findings:be:app:model,feat,findings,be,app,,libs.plugins.snag.backend.module,main,/Users/timotej.adamec/StudioProjects/Snag/.claude/worktrees/commonize-photo/feat/findings/be/app/model/src/main,feat/findings/be/app/model/src/main,backend,0,0
:feat:findings:be:driven:impl,feat,findings,be,driven,impl,libs.plugins.snag.driven.backend.module,main,/Users/timotej.adamec/StudioProjects/Snag/.claude/worktrees/commonize-photo/feat/findings/be/driven/impl/src/main,feat/findings/be/driven/impl/src/main,backend,0,0
:feat:findings:be:driven:impl,feat,findings,be,driven,impl,libs.plugins.snag.driven.backend.module,test,/Users/timotej.adamec/StudioProjects/Snag/.claude/worktrees/commonize-photo/feat/findings/be/driven/impl/src/test,feat/findings/be/driven/impl/src/test,,0,0
:feat:findings:be:driven:test,feat,findings,be,driven,test,libs.plugins.snag.backend.module,main,/Users/timotej.adamec/StudioProjects/Snag/.claude/worktrees/commonize-photo/feat/findings/be/driven/test/src/main,feat/findings/be/driven/test/src/main,backend,0,0
:feat:findings:be:driving:impl,feat,findings,be,driving,impl,libs.plugins.snag.impl.driving.backend.module,main,/Users/timotej.adamec/StudioProjects/Snag/.claude/worktrees/commonize-photo/feat/findings/be/driving/impl/src/main,feat/findings/be/driving/impl/src/main,backend,0,0
:feat:findings:be:driving:impl,feat,findings,be,driving,impl,libs.plugins.snag.impl.driving.backend.module,test,/Users/timotej.adamec/StudioProjects/Snag/.claude/worktrees/commonize-photo/feat/findings/be/driving/impl/src/test,feat/findings/be/driving/impl/src/test,,0,0
:feat:findings:fe:app:api,feat,findings,fe,app,api,libs.plugins.snag.frontend.multiplatform.module,commonMain,/Users/timotej.adamec/StudioProjects/Snag/.claude/worktrees/commonize-photo/feat/findings/fe/app/api/src/commonMain,feat/findings/fe/app/api/src/commonMain,frontend,0,0
:feat:findings:fe:app:api,feat,findings,fe,app,api,libs.plugins.snag.frontend.multiplatform.module,nonWebMain,/Users/timotej.adamec/StudioProjects/Snag/.claude/worktrees/commonize-photo/feat/findings/fe/app/api/src/nonWebMain,feat/findings/fe/app/api/src/nonWebMain,nonWeb_fe,0,0
:feat:findings:fe:app:api,feat,findings,fe,app,api,libs.plugins.snag.frontend.multiplatform.module,webMain,/Users/timotej.adamec/StudioProjects/Snag/.claude/worktrees/commonize-photo/feat/findings/fe/app/api/src/webMain,feat/findings/fe/app/api/src/webMain,web,0,0
:feat:findings:fe:app:impl,feat,findings,fe,app,impl,libs.plugins.snag.frontend.multiplatform.module,commonMain,/Users/timotej.adamec/StudioProjects/Snag/.claude/worktrees/commonize-photo/feat/findings/fe/app/impl/src/commonMain,feat/findings/fe/app/impl/src/commonMain,frontend,0,0
:feat:findings:fe:app:impl,feat,findings,fe,app,impl,libs.plugins.snag.frontend.multiplatform.module,commonTest,/Users/timotej.adamec/StudioProjects/Snag/.claude/worktrees/commonize-photo/feat/findings/fe/app/impl/src/commonTest,feat/findings/fe/app/impl/src/commonTest,,0,0
:feat:findings:fe:app:impl,feat,findings,fe,app,impl,libs.plugins.snag.frontend.multiplatform.module,nonWebMain,/Users/timotej.adamec/StudioProjects/Snag/.claude/worktrees/commonize-photo/feat/findings/fe/app/impl/src/nonWebMain,feat/findings/fe/app/impl/src/nonWebMain,nonWeb_fe,0,0
:feat:findings:fe:app:impl,feat,findings,fe,app,impl,libs.plugins.snag.frontend.multiplatform.module,nonWebTest,/Users/timotej.adamec/StudioProjects/Snag/.claude/worktrees/commonize-photo/feat/findings/fe/app/impl/src/nonWebTest,feat/findings/fe/app/impl/src/nonWebTest,,0,0
:feat:findings:fe:app:impl,feat,findings,fe,app,impl,libs.plugins.snag.frontend.multiplatform.module,webMain,/Users/timotej.adamec/StudioProjects/Snag/.claude/worktrees/commonize-photo/feat/findings/fe/app/impl/src/webMain,feat/findings/fe/app/impl/src/webMain,web,0,0
:feat:findings:fe:app:impl,feat,findings,fe,app,impl,libs.plugins.snag.frontend.multiplatform.module,webTest,/Users/timotej.adamec/StudioProjects/Snag/.claude/worktrees/commonize-photo/feat/findings/fe/app/impl/src/webTest,feat/findings/fe/app/impl/src/webTest,,0,0
:feat:findings:fe:driven:impl,feat,findings,fe,driven,impl,libs.plugins.snag.driven.frontend.multiplatform.module,commonMain,/Users/timotej.adamec/StudioProjects/Snag/.claude/worktrees/commonize-photo/feat/findings/fe/driven/impl/src/commonMain,feat/findings/fe/driven/impl/src/commonMain,frontend,0,0
:feat:findings:fe:driven:impl,feat,findings,fe,driven,impl,libs.plugins.snag.driven.frontend.multiplatform.module,jvmTest,/Users/timotej.adamec/StudioProjects/Snag/.claude/worktrees/commonize-photo/feat/findings/fe/driven/impl/src/jvmTest,feat/findings/fe/driven/impl/src/jvmTest,,0,0
:feat:findings:fe:driven:test,feat,findings,fe,driven,test,libs.plugins.snag.driven.frontend.multiplatform.module,commonMain,/Users/timotej.adamec/StudioProjects/Snag/.claude/worktrees/commonize-photo/feat/findings/fe/driven/test/src/commonMain,feat/findings/fe/driven/test/src/commonMain,frontend,0,0
:feat:findings:fe:driving:api,feat,findings,fe,driving,api,libs.plugins.snag.driving.frontend.multiplatform.module,commonMain,/Users/timotej.adamec/StudioProjects/Snag/.claude/worktrees/commonize-photo/feat/findings/fe/driving/api/src/commonMain,feat/findings/fe/driving/api/src/commonMain,frontend,0,0
:feat:findings:fe:driving:api,feat,findings,fe,driving,api,libs.plugins.snag.driving.frontend.multiplatform.module,nonWebMain,/Users/timotej.adamec/StudioProjects/Snag/.claude/worktrees/commonize-photo/feat/findings/fe/driving/api/src/nonWebMain,feat/findings/fe/driving/api/src/nonWebMain,nonWeb_fe,0,0
:feat:findings:fe:driving:api,feat,findings,fe,driving,api,libs.plugins.snag.driving.frontend.multiplatform.module,webMain,/Users/timotej.adamec/StudioProjects/Snag/.claude/worktrees/commonize-photo/feat/findings/fe/driving/api/src/webMain,feat/findings/fe/driving/api/src/webMain,web,0,0
:feat:findings:fe:driving:impl,feat,findings,fe,driving,impl,libs.plugins.snag.driving.frontend.multiplatform.module,commonMain,/Users/timotej.adamec/StudioProjects/Snag/.claude/worktrees/commonize-photo/feat/findings/fe/driving/impl/src/commonMain,feat/findings/fe/driving/impl/src/commonMain,frontend,0,0
:feat:findings:fe:driving:impl,feat,findings,fe,driving,impl,libs.plugins.snag.driving.frontend.multiplatform.module,commonTest,/Users/timotej.adamec/StudioProjects/Snag/.claude/worktrees/commonize-photo/feat/findings/fe/driving/impl/src/commonTest,feat/findings/fe/driving/impl/src/commonTest,,0,0
:feat:findings:fe:driving:impl,feat,findings,fe,driving,impl,libs.plugins.snag.driving.frontend.multiplatform.module,nonWebMain,/Users/timotej.adamec/StudioProjects/Snag/.claude/worktrees/commonize-photo/feat/findings/fe/driving/impl/src/nonWebMain,feat/findings/fe/driving/impl/src/nonWebMain,nonWeb_fe,0,0
:feat:findings:fe:driving:impl,feat,findings,fe,driving,impl,libs.plugins.snag.driving.frontend.multiplatform.module,webMain,/Users/timotej.adamec/StudioProjects/Snag/.claude/worktrees/commonize-photo/feat/findings/fe/driving/impl/src/webMain,feat/findings/fe/driving/impl/src/webMain,web,0,0
:feat:inspections:be:app:api,feat,inspections,be,app,api,libs.plugins.snag.backend.module,main,/Users/timotej.adamec/StudioProjects/Snag/.claude/worktrees/commonize-photo/feat/inspections/be/app/api/src/main,feat/inspections/be/app/api/src/main,backend,0,0
:feat:inspections:be:app:impl,feat,inspections,be,app,impl,libs.plugins.snag.backend.module,main,/Users/timotej.adamec/StudioProjects/Snag/.claude/worktrees/commonize-photo/feat/inspections/be/app/impl/src/main,feat/inspections/be/app/impl/src/main,backend,0,0
:feat:inspections:be:app:impl,feat,inspections,be,app,impl,libs.plugins.snag.backend.module,test,/Users/timotej.adamec/StudioProjects/Snag/.claude/worktrees/commonize-photo/feat/inspections/be/app/impl/src/test,feat/inspections/be/app/impl/src/test,,0,0
:feat:inspections:be:app:model,feat,inspections,be,app,,libs.plugins.snag.backend.module,main,/Users/timotej.adamec/StudioProjects/Snag/.claude/worktrees/commonize-photo/feat/inspections/be/app/model/src/main,feat/inspections/be/app/model/src/main,backend,0,0
:feat:inspections:be:driven:impl,feat,inspections,be,driven,impl,libs.plugins.snag.driven.backend.module,main,/Users/timotej.adamec/StudioProjects/Snag/.claude/worktrees/commonize-photo/feat/inspections/be/driven/impl/src/main,feat/inspections/be/driven/impl/src/main,backend,0,0
:feat:inspections:be:driven:test,feat,inspections,be,driven,test,libs.plugins.snag.backend.module,main,/Users/timotej.adamec/StudioProjects/Snag/.claude/worktrees/commonize-photo/feat/inspections/be/driven/test/src/main,feat/inspections/be/driven/test/src/main,backend,0,0
:feat:inspections:be:driving:impl,feat,inspections,be,driving,impl,libs.plugins.snag.impl.driving.backend.module,main,/Users/timotej.adamec/StudioProjects/Snag/.claude/worktrees/commonize-photo/feat/inspections/be/driving/impl/src/main,feat/inspections/be/driving/impl/src/main,backend,0,0
:feat:inspections:be:driving:impl,feat,inspections,be,driving,impl,libs.plugins.snag.impl.driving.backend.module,test,/Users/timotej.adamec/StudioProjects/Snag/.claude/worktrees/commonize-photo/feat/inspections/be/driving/impl/src/test,feat/inspections/be/driving/impl/src/test,,0,0
:feat:inspections:fe:app:api,feat,inspections,fe,app,api,libs.plugins.snag.frontend.multiplatform.module,commonMain,/Users/timotej.adamec/StudioProjects/Snag/.claude/worktrees/commonize-photo/feat/inspections/fe/app/api/src/commonMain,feat/inspections/fe/app/api/src/commonMain,frontend,0,0
:feat:inspections:fe:app:impl,feat,inspections,fe,app,impl,libs.plugins.snag.frontend.multiplatform.module,commonMain,/Users/timotej.adamec/StudioProjects/Snag/.claude/worktrees/commonize-photo/feat/inspections/fe/app/impl/src/commonMain,feat/inspections/fe/app/impl/src/commonMain,frontend,0,0
:feat:inspections:fe:app:impl,feat,inspections,fe,app,impl,libs.plugins.snag.frontend.multiplatform.module,commonTest,/Users/timotej.adamec/StudioProjects/Snag/.claude/worktrees/commonize-photo/feat/inspections/fe/app/impl/src/commonTest,feat/inspections/fe/app/impl/src/commonTest,,0,0
:feat:inspections:fe:driven:impl,feat,inspections,fe,driven,impl,libs.plugins.snag.driven.frontend.multiplatform.module,commonMain,/Users/timotej.adamec/StudioProjects/Snag/.claude/worktrees/commonize-photo/feat/inspections/fe/driven/impl/src/commonMain,feat/inspections/fe/driven/impl/src/commonMain,frontend,0,0
:feat:inspections:fe:driven:test,feat,inspections,fe,driven,test,libs.plugins.snag.driven.frontend.multiplatform.module,commonMain,/Users/timotej.adamec/StudioProjects/Snag/.claude/worktrees/commonize-photo/feat/inspections/fe/driven/test/src/commonMain,feat/inspections/fe/driven/test/src/commonMain,frontend,0,0
:feat:inspections:fe:driving:api,feat,inspections,fe,driving,api,libs.plugins.snag.driving.frontend.multiplatform.module,commonMain,/Users/timotej.adamec/StudioProjects/Snag/.claude/worktrees/commonize-photo/feat/inspections/fe/driving/api/src/commonMain,feat/inspections/fe/driving/api/src/commonMain,frontend,0,0
:feat:inspections:fe:driving:api,feat,inspections,fe,driving,api,libs.plugins.snag.driving.frontend.multiplatform.module,nonWebMain,/Users/timotej.adamec/StudioProjects/Snag/.claude/worktrees/commonize-photo/feat/inspections/fe/driving/api/src/nonWebMain,feat/inspections/fe/driving/api/src/nonWebMain,nonWeb_fe,0,0
:feat:inspections:fe:driving:api,feat,inspections,fe,driving,api,libs.plugins.snag.driving.frontend.multiplatform.module,webMain,/Users/timotej.adamec/StudioProjects/Snag/.claude/worktrees/commonize-photo/feat/inspections/fe/driving/api/src/webMain,feat/inspections/fe/driving/api/src/webMain,web,0,0
:feat:inspections:fe:driving:impl,feat,inspections,fe,driving,impl,libs.plugins.snag.driving.frontend.multiplatform.module,commonMain,/Users/timotej.adamec/StudioProjects/Snag/.claude/worktrees/commonize-photo/feat/inspections/fe/driving/impl/src/commonMain,feat/inspections/fe/driving/impl/src/commonMain,frontend,0,0
:feat:inspections:fe:driving:impl,feat,inspections,fe,driving,impl,libs.plugins.snag.driving.frontend.multiplatform.module,commonTest,/Users/timotej.adamec/StudioProjects/Snag/.claude/worktrees/commonize-photo/feat/inspections/fe/driving/impl/src/commonTest,feat/inspections/fe/driving/impl/src/commonTest,,0,0
:feat:inspections:fe:driving:impl,feat,inspections,fe,driving,impl,libs.plugins.snag.driving.frontend.multiplatform.module,nonWebMain,/Users/timotej.adamec/StudioProjects/Snag/.claude/worktrees/commonize-photo/feat/inspections/fe/driving/impl/src/nonWebMain,feat/inspections/fe/driving/impl/src/nonWebMain,nonWeb_fe,0,0
:feat:inspections:fe:driving:impl,feat,inspections,fe,driving,impl,libs.plugins.snag.driving.frontend.multiplatform.module,webMain,/Users/timotej.adamec/StudioProjects/Snag/.claude/worktrees/commonize-photo/feat/inspections/fe/driving/impl/src/webMain,feat/inspections/fe/driving/impl/src/webMain,web,0,0
:feat:projects:be:app:api,feat,projects,be,app,api,libs.plugins.snag.backend.module,main,/Users/timotej.adamec/StudioProjects/Snag/.claude/worktrees/commonize-photo/feat/projects/be/app/api/src/main,feat/projects/be/app/api/src/main,backend,0,0
:feat:projects:be:app:impl,feat,projects,be,app,impl,libs.plugins.snag.backend.module,main,/Users/timotej.adamec/StudioProjects/Snag/.claude/worktrees/commonize-photo/feat/projects/be/app/impl/src/main,feat/projects/be/app/impl/src/main,backend,0,0
:feat:projects:be:app:impl,feat,projects,be,app,impl,libs.plugins.snag.backend.module,test,/Users/timotej.adamec/StudioProjects/Snag/.claude/worktrees/commonize-photo/feat/projects/be/app/impl/src/test,feat/projects/be/app/impl/src/test,,0,0
:feat:projects:be:app:model,feat,projects,be,app,,libs.plugins.snag.backend.module,main,/Users/timotej.adamec/StudioProjects/Snag/.claude/worktrees/commonize-photo/feat/projects/be/app/model/src/main,feat/projects/be/app/model/src/main,backend,0,0
:feat:projects:be:driven:impl,feat,projects,be,driven,impl,libs.plugins.snag.driven.backend.module,main,/Users/timotej.adamec/StudioProjects/Snag/.claude/worktrees/commonize-photo/feat/projects/be/driven/impl/src/main,feat/projects/be/driven/impl/src/main,backend,0,0
:feat:projects:be:driven:test,feat,projects,be,driven,test,libs.plugins.snag.backend.module,main,/Users/timotej.adamec/StudioProjects/Snag/.claude/worktrees/commonize-photo/feat/projects/be/driven/test/src/main,feat/projects/be/driven/test/src/main,backend,0,0
:feat:projects:be:driving:impl,feat,projects,be,driving,impl,libs.plugins.snag.impl.driving.backend.module,main,/Users/timotej.adamec/StudioProjects/Snag/.claude/worktrees/commonize-photo/feat/projects/be/driving/impl/src/main,feat/projects/be/driving/impl/src/main,backend,0,0
:feat:projects:be:driving:impl,feat,projects,be,driving,impl,libs.plugins.snag.impl.driving.backend.module,test,/Users/timotej.adamec/StudioProjects/Snag/.claude/worktrees/commonize-photo/feat/projects/be/driving/impl/src/test,feat/projects/be/driving/impl/src/test,,0,0
:feat:projects:fe:app:api,feat,projects,fe,app,api,libs.plugins.snag.frontend.multiplatform.module,commonMain,/Users/timotej.adamec/StudioProjects/Snag/.claude/worktrees/commonize-photo/feat/projects/fe/app/api/src/commonMain,feat/projects/fe/app/api/src/commonMain,frontend,0,0
:feat:projects:fe:app:api,feat,projects,fe,app,api,libs.plugins.snag.frontend.multiplatform.module,nonWebMain,/Users/timotej.adamec/StudioProjects/Snag/.claude/worktrees/commonize-photo/feat/projects/fe/app/api/src/nonWebMain,feat/projects/fe/app/api/src/nonWebMain,nonWeb_fe,0,0
:feat:projects:fe:app:api,feat,projects,fe,app,api,libs.plugins.snag.frontend.multiplatform.module,webMain,/Users/timotej.adamec/StudioProjects/Snag/.claude/worktrees/commonize-photo/feat/projects/fe/app/api/src/webMain,feat/projects/fe/app/api/src/webMain,web,0,0
:feat:projects:fe:app:impl,feat,projects,fe,app,impl,libs.plugins.snag.frontend.multiplatform.module,commonMain,/Users/timotej.adamec/StudioProjects/Snag/.claude/worktrees/commonize-photo/feat/projects/fe/app/impl/src/commonMain,feat/projects/fe/app/impl/src/commonMain,frontend,0,0
:feat:projects:fe:app:impl,feat,projects,fe,app,impl,libs.plugins.snag.frontend.multiplatform.module,commonTest,/Users/timotej.adamec/StudioProjects/Snag/.claude/worktrees/commonize-photo/feat/projects/fe/app/impl/src/commonTest,feat/projects/fe/app/impl/src/commonTest,,0,0
:feat:projects:fe:app:impl,feat,projects,fe,app,impl,libs.plugins.snag.frontend.multiplatform.module,nonWebMain,/Users/timotej.adamec/StudioProjects/Snag/.claude/worktrees/commonize-photo/feat/projects/fe/app/impl/src/nonWebMain,feat/projects/fe/app/impl/src/nonWebMain,nonWeb_fe,0,0
:feat:projects:fe:app:impl,feat,projects,fe,app,impl,libs.plugins.snag.frontend.multiplatform.module,nonWebTest,/Users/timotej.adamec/StudioProjects/Snag/.claude/worktrees/commonize-photo/feat/projects/fe/app/impl/src/nonWebTest,feat/projects/fe/app/impl/src/nonWebTest,,0,0
:feat:projects:fe:app:impl,feat,projects,fe,app,impl,libs.plugins.snag.frontend.multiplatform.module,webMain,/Users/timotej.adamec/StudioProjects/Snag/.claude/worktrees/commonize-photo/feat/projects/fe/app/impl/src/webMain,feat/projects/fe/app/impl/src/webMain,web,0,0
:feat:projects:fe:app:impl,feat,projects,fe,app,impl,libs.plugins.snag.frontend.multiplatform.module,webTest,/Users/timotej.adamec/StudioProjects/Snag/.claude/worktrees/commonize-photo/feat/projects/fe/app/impl/src/webTest,feat/projects/fe/app/impl/src/webTest,,0,0
:feat:projects:fe:driven:impl,feat,projects,fe,driven,impl,libs.plugins.snag.driven.frontend.multiplatform.module,commonMain,/Users/timotej.adamec/StudioProjects/Snag/.claude/worktrees/commonize-photo/feat/projects/fe/driven/impl/src/commonMain,feat/projects/fe/driven/impl/src/commonMain,frontend,0,0
:feat:projects:fe:driven:test,feat,projects,fe,driven,test,libs.plugins.snag.driven.frontend.multiplatform.module,commonMain,/Users/timotej.adamec/StudioProjects/Snag/.claude/worktrees/commonize-photo/feat/projects/fe/driven/test/src/commonMain,feat/projects/fe/driven/test/src/commonMain,frontend,0,0
:feat:projects:fe:driving:api,feat,projects,fe,driving,api,libs.plugins.snag.driving.frontend.multiplatform.module,commonMain,/Users/timotej.adamec/StudioProjects/Snag/.claude/worktrees/commonize-photo/feat/projects/fe/driving/api/src/commonMain,feat/projects/fe/driving/api/src/commonMain,frontend,0,0
:feat:projects:fe:driving:api,feat,projects,fe,driving,api,libs.plugins.snag.driving.frontend.multiplatform.module,nonWebMain,/Users/timotej.adamec/StudioProjects/Snag/.claude/worktrees/commonize-photo/feat/projects/fe/driving/api/src/nonWebMain,feat/projects/fe/driving/api/src/nonWebMain,nonWeb_fe,0,0
:feat:projects:fe:driving:api,feat,projects,fe,driving,api,libs.plugins.snag.driving.frontend.multiplatform.module,webMain,/Users/timotej.adamec/StudioProjects/Snag/.claude/worktrees/commonize-photo/feat/projects/fe/driving/api/src/webMain,feat/projects/fe/driving/api/src/webMain,web,0,0
:feat:projects:fe:driving:impl,feat,projects,fe,driving,impl,libs.plugins.snag.driving.frontend.multiplatform.module,commonMain,/Users/timotej.adamec/StudioProjects/Snag/.claude/worktrees/commonize-photo/feat/projects/fe/driving/impl/src/commonMain,feat/projects/fe/driving/impl/src/commonMain,frontend,0,0
:feat:projects:fe:driving:impl,feat,projects,fe,driving,impl,libs.plugins.snag.driving.frontend.multiplatform.module,commonTest,/Users/timotej.adamec/StudioProjects/Snag/.claude/worktrees/commonize-photo/feat/projects/fe/driving/impl/src/commonTest,feat/projects/fe/driving/impl/src/commonTest,,0,0
:feat:projects:fe:driving:impl,feat,projects,fe,driving,impl,libs.plugins.snag.driving.frontend.multiplatform.module,nonWebMain,/Users/timotej.adamec/StudioProjects/Snag/.claude/worktrees/commonize-photo/feat/projects/fe/driving/impl/src/nonWebMain,feat/projects/fe/driving/impl/src/nonWebMain,nonWeb_fe,0,0
:feat:projects:fe:driving:impl,feat,projects,fe,driving,impl,libs.plugins.snag.driving.frontend.multiplatform.module,webMain,/Users/timotej.adamec/StudioProjects/Snag/.claude/worktrees/commonize-photo/feat/projects/fe/driving/impl/src/webMain,feat/projects/fe/driving/impl/src/webMain,web,0,0
:feat:reports:be:app:api,feat,reports,be,app,api,libs.plugins.snag.backend.module,main,/Users/timotej.adamec/StudioProjects/Snag/.claude/worktrees/commonize-photo/feat/reports/be/app/api/src/main,feat/reports/be/app/api/src/main,backend,0,0
:feat:reports:be:app:impl,feat,reports,be,app,impl,libs.plugins.snag.backend.module,main,/Users/timotej.adamec/StudioProjects/Snag/.claude/worktrees/commonize-photo/feat/reports/be/app/impl/src/main,feat/reports/be/app/impl/src/main,backend,0,0
:feat:reports:be:app:impl,feat,reports,be,app,impl,libs.plugins.snag.backend.module,test,/Users/timotej.adamec/StudioProjects/Snag/.claude/worktrees/commonize-photo/feat/reports/be/app/impl/src/test,feat/reports/be/app/impl/src/test,,0,0
:feat:reports:be:app:model,feat,reports,be,app,,libs.plugins.snag.backend.module,main,/Users/timotej.adamec/StudioProjects/Snag/.claude/worktrees/commonize-photo/feat/reports/be/app/model/src/main,feat/reports/be/app/model/src/main,backend,0,0
:feat:reports:be:driven:impl,feat,reports,be,driven,impl,libs.plugins.snag.backend.module,main,/Users/timotej.adamec/StudioProjects/Snag/.claude/worktrees/commonize-photo/feat/reports/be/driven/impl/src/main,feat/reports/be/driven/impl/src/main,backend,0,0
:feat:reports:be:driven:test,feat,reports,be,driven,test,libs.plugins.snag.backend.module,main,/Users/timotej.adamec/StudioProjects/Snag/.claude/worktrees/commonize-photo/feat/reports/be/driven/test/src/main,feat/reports/be/driven/test/src/main,backend,0,0
:feat:reports:be:driving:impl,feat,reports,be,driving,impl,libs.plugins.snag.impl.driving.backend.module,main,/Users/timotej.adamec/StudioProjects/Snag/.claude/worktrees/commonize-photo/feat/reports/be/driving/impl/src/main,feat/reports/be/driving/impl/src/main,backend,0,0
:feat:reports:be:driving:impl,feat,reports,be,driving,impl,libs.plugins.snag.impl.driving.backend.module,test,/Users/timotej.adamec/StudioProjects/Snag/.claude/worktrees/commonize-photo/feat/reports/be/driving/impl/src/test,feat/reports/be/driving/impl/src/test,,0,0
:feat:reports:fe:app:api,feat,reports,fe,app,api,libs.plugins.snag.frontend.multiplatform.module,commonMain,/Users/timotej.adamec/StudioProjects/Snag/.claude/worktrees/commonize-photo/feat/reports/fe/app/api/src/commonMain,feat/reports/fe/app/api/src/commonMain,frontend,0,0
:feat:reports:fe:app:impl,feat,reports,fe,app,impl,libs.plugins.snag.frontend.multiplatform.module,commonMain,/Users/timotej.adamec/StudioProjects/Snag/.claude/worktrees/commonize-photo/feat/reports/fe/app/impl/src/commonMain,feat/reports/fe/app/impl/src/commonMain,frontend,0,0
:feat:reports:fe:app:impl,feat,reports,fe,app,impl,libs.plugins.snag.frontend.multiplatform.module,commonTest,/Users/timotej.adamec/StudioProjects/Snag/.claude/worktrees/commonize-photo/feat/reports/fe/app/impl/src/commonTest,feat/reports/fe/app/impl/src/commonTest,,0,0
:feat:reports:fe:driven:impl,feat,reports,fe,driven,impl,libs.plugins.snag.driven.frontend.multiplatform.module,commonMain,/Users/timotej.adamec/StudioProjects/Snag/.claude/worktrees/commonize-photo/feat/reports/fe/driven/impl/src/commonMain,feat/reports/fe/driven/impl/src/commonMain,frontend,0,0
:feat:reports:fe:driven:test,feat,reports,fe,driven,test,libs.plugins.snag.driven.frontend.multiplatform.module,commonMain,/Users/timotej.adamec/StudioProjects/Snag/.claude/worktrees/commonize-photo/feat/reports/fe/driven/test/src/commonMain,feat/reports/fe/driven/test/src/commonMain,frontend,0,0
:feat:structures:be:app:api,feat,structures,be,app,api,libs.plugins.snag.backend.module,main,/Users/timotej.adamec/StudioProjects/Snag/.claude/worktrees/commonize-photo/feat/structures/be/app/api/src/main,feat/structures/be/app/api/src/main,backend,0,0
:feat:structures:be:app:impl,feat,structures,be,app,impl,libs.plugins.snag.backend.module,main,/Users/timotej.adamec/StudioProjects/Snag/.claude/worktrees/commonize-photo/feat/structures/be/app/impl/src/main,feat/structures/be/app/impl/src/main,backend,0,0
:feat:structures:be:app:impl,feat,structures,be,app,impl,libs.plugins.snag.backend.module,test,/Users/timotej.adamec/StudioProjects/Snag/.claude/worktrees/commonize-photo/feat/structures/be/app/impl/src/test,feat/structures/be/app/impl/src/test,,0,0
:feat:structures:be:app:model,feat,structures,be,app,,libs.plugins.snag.backend.module,main,/Users/timotej.adamec/StudioProjects/Snag/.claude/worktrees/commonize-photo/feat/structures/be/app/model/src/main,feat/structures/be/app/model/src/main,backend,0,0
:feat:structures:be:driven:impl,feat,structures,be,driven,impl,libs.plugins.snag.driven.backend.module,main,/Users/timotej.adamec/StudioProjects/Snag/.claude/worktrees/commonize-photo/feat/structures/be/driven/impl/src/main,feat/structures/be/driven/impl/src/main,backend,0,0
:feat:structures:be:driven:test,feat,structures,be,driven,test,libs.plugins.snag.backend.module,main,/Users/timotej.adamec/StudioProjects/Snag/.claude/worktrees/commonize-photo/feat/structures/be/driven/test/src/main,feat/structures/be/driven/test/src/main,backend,0,0
:feat:structures:be:driving:impl,feat,structures,be,driving,impl,libs.plugins.snag.impl.driving.backend.module,main,/Users/timotej.adamec/StudioProjects/Snag/.claude/worktrees/commonize-photo/feat/structures/be/driving/impl/src/main,feat/structures/be/driving/impl/src/main,backend,0,0
:feat:structures:be:driving:impl,feat,structures,be,driving,impl,libs.plugins.snag.impl.driving.backend.module,test,/Users/timotej.adamec/StudioProjects/Snag/.claude/worktrees/commonize-photo/feat/structures/be/driving/impl/src/test,feat/structures/be/driving/impl/src/test,,0,0
:feat:structures:fe:app:api,feat,structures,fe,app,api,libs.plugins.snag.frontend.multiplatform.module,commonMain,/Users/timotej.adamec/StudioProjects/Snag/.claude/worktrees/commonize-photo/feat/structures/fe/app/api/src/commonMain,feat/structures/fe/app/api/src/commonMain,frontend,0,0
:feat:structures:fe:app:impl,feat,structures,fe,app,impl,libs.plugins.snag.frontend.multiplatform.module,commonMain,/Users/timotej.adamec/StudioProjects/Snag/.claude/worktrees/commonize-photo/feat/structures/fe/app/impl/src/commonMain,feat/structures/fe/app/impl/src/commonMain,frontend,0,0
:feat:structures:fe:app:impl,feat,structures,fe,app,impl,libs.plugins.snag.frontend.multiplatform.module,commonTest,/Users/timotej.adamec/StudioProjects/Snag/.claude/worktrees/commonize-photo/feat/structures/fe/app/impl/src/commonTest,feat/structures/fe/app/impl/src/commonTest,,0,0
:feat:structures:fe:driven:impl,feat,structures,fe,driven,impl,libs.plugins.snag.driven.frontend.multiplatform.module,commonMain,/Users/timotej.adamec/StudioProjects/Snag/.claude/worktrees/commonize-photo/feat/structures/fe/driven/impl/src/commonMain,feat/structures/fe/driven/impl/src/commonMain,frontend,0,0
:feat:structures:fe:driven:test,feat,structures,fe,driven,test,libs.plugins.snag.driven.frontend.multiplatform.module,commonMain,/Users/timotej.adamec/StudioProjects/Snag/.claude/worktrees/commonize-photo/feat/structures/fe/driven/test/src/commonMain,feat/structures/fe/driven/test/src/commonMain,frontend,0,0
:feat:structures:fe:driving:api,feat,structures,fe,driving,api,libs.plugins.snag.driving.frontend.multiplatform.module,commonMain,/Users/timotej.adamec/StudioProjects/Snag/.claude/worktrees/commonize-photo/feat/structures/fe/driving/api/src/commonMain,feat/structures/fe/driving/api/src/commonMain,frontend,0,0
:feat:structures:fe:driving:api,feat,structures,fe,driving,api,libs.plugins.snag.driving.frontend.multiplatform.module,nonWebMain,/Users/timotej.adamec/StudioProjects/Snag/.claude/worktrees/commonize-photo/feat/structures/fe/driving/api/src/nonWebMain,feat/structures/fe/driving/api/src/nonWebMain,nonWeb_fe,0,0
:feat:structures:fe:driving:api,feat,structures,fe,driving,api,libs.plugins.snag.driving.frontend.multiplatform.module,webMain,/Users/timotej.adamec/StudioProjects/Snag/.claude/worktrees/commonize-photo/feat/structures/fe/driving/api/src/webMain,feat/structures/fe/driving/api/src/webMain,web,0,0
:feat:structures:fe:driving:impl,feat,structures,fe,driving,impl,libs.plugins.snag.driving.frontend.multiplatform.module,commonMain,/Users/timotej.adamec/StudioProjects/Snag/.claude/worktrees/commonize-photo/feat/structures/fe/driving/impl/src/commonMain,feat/structures/fe/driving/impl/src/commonMain,frontend,0,0
:feat:structures:fe:driving:impl,feat,structures,fe,driving,impl,libs.plugins.snag.driving.frontend.multiplatform.module,commonTest,/Users/timotej.adamec/StudioProjects/Snag/.claude/worktrees/commonize-photo/feat/structures/fe/driving/impl/src/commonTest,feat/structures/fe/driving/impl/src/commonTest,,0,0
:feat:structures:fe:driving:impl,feat,structures,fe,driving,impl,libs.plugins.snag.driving.frontend.multiplatform.module,nonWebMain,/Users/timotej.adamec/StudioProjects/Snag/.claude/worktrees/commonize-photo/feat/structures/fe/driving/impl/src/nonWebMain,feat/structures/fe/driving/impl/src/nonWebMain,nonWeb_fe,0,0
:feat:structures:fe:driving:impl,feat,structures,fe,driving,impl,libs.plugins.snag.driving.frontend.multiplatform.module,webMain,/Users/timotej.adamec/StudioProjects/Snag/.claude/worktrees/commonize-photo/feat/structures/fe/driving/impl/src/webMain,feat/structures/fe/driving/impl/src/webMain,web,0,0
:feat:sync:be:app:api,feat,sync,be,app,api,libs.plugins.snag.backend.module,main,/Users/timotej.adamec/StudioProjects/Snag/.claude/worktrees/commonize-photo/feat/sync/be/app/api/src/main,feat/sync/be/app/api/src/main,backend,0,0
:feat:sync:be:app:impl,feat,sync,be,app,impl,libs.plugins.snag.backend.module,main,/Users/timotej.adamec/StudioProjects/Snag/.claude/worktrees/commonize-photo/feat/sync/be/app/impl/src/main,feat/sync/be/app/impl/src/main,backend,0,0
:feat:sync:be:app:impl,feat,sync,be,app,impl,libs.plugins.snag.backend.module,test,/Users/timotej.adamec/StudioProjects/Snag/.claude/worktrees/commonize-photo/feat/sync/be/app/impl/src/test,feat/sync/be/app/impl/src/test,,0,0
:feat:sync:be:app:model,feat,sync,be,app,,libs.plugins.snag.backend.module,main,/Users/timotej.adamec/StudioProjects/Snag/.claude/worktrees/commonize-photo/feat/sync/be/app/model/src/main,feat/sync/be/app/model/src/main,backend,0,0
:feat:sync:fe:app:api,feat,sync,fe,app,api,libs.plugins.snag.frontend.multiplatform.module,commonMain,/Users/timotej.adamec/StudioProjects/Snag/.claude/worktrees/commonize-photo/feat/sync/fe/app/api/src/commonMain,feat/sync/fe/app/api/src/commonMain,frontend,0,0
:feat:sync:fe:app:api,feat,sync,fe,app,api,libs.plugins.snag.frontend.multiplatform.module,commonTest,/Users/timotej.adamec/StudioProjects/Snag/.claude/worktrees/commonize-photo/feat/sync/fe/app/api/src/commonTest,feat/sync/fe/app/api/src/commonTest,,0,0
:feat:sync:fe:app:impl,feat,sync,fe,app,impl,libs.plugins.snag.frontend.multiplatform.module,commonMain,/Users/timotej.adamec/StudioProjects/Snag/.claude/worktrees/commonize-photo/feat/sync/fe/app/impl/src/commonMain,feat/sync/fe/app/impl/src/commonMain,frontend,0,0
:feat:sync:fe:app:impl,feat,sync,fe,app,impl,libs.plugins.snag.frontend.multiplatform.module,commonTest,/Users/timotej.adamec/StudioProjects/Snag/.claude/worktrees/commonize-photo/feat/sync/fe/app/impl/src/commonTest,feat/sync/fe/app/impl/src/commonTest,,0,0
:feat:sync:fe:app:model,feat,sync,fe,app,,libs.plugins.snag.multiplatform.module,commonMain,/Users/timotej.adamec/StudioProjects/Snag/.claude/worktrees/commonize-photo/feat/sync/fe/app/model/src/commonMain,feat/sync/fe/app/model/src/commonMain,frontend,0,0
:feat:sync:fe:driven:impl,feat,sync,fe,driven,impl,libs.plugins.snag.driven.frontend.multiplatform.module,commonMain,/Users/timotej.adamec/StudioProjects/Snag/.claude/worktrees/commonize-photo/feat/sync/fe/driven/impl/src/commonMain,feat/sync/fe/driven/impl/src/commonMain,frontend,0,0
:feat:sync:fe:driven:test,feat,sync,fe,driven,test,libs.plugins.snag.frontend.multiplatform.module,commonMain,/Users/timotej.adamec/StudioProjects/Snag/.claude/worktrees/commonize-photo/feat/sync/fe/driven/test/src/commonMain,feat/sync/fe/driven/test/src/commonMain,frontend,0,0
:feat:users:be:app:api,feat,users,be,app,api,libs.plugins.snag.backend.module,main,/Users/timotej.adamec/StudioProjects/Snag/.claude/worktrees/commonize-photo/feat/users/be/app/api/src/main,feat/users/be/app/api/src/main,backend,0,0
:feat:users:be:app:impl,feat,users,be,app,impl,libs.plugins.snag.backend.module,main,/Users/timotej.adamec/StudioProjects/Snag/.claude/worktrees/commonize-photo/feat/users/be/app/impl/src/main,feat/users/be/app/impl/src/main,backend,0,0
:feat:users:be:app:impl,feat,users,be,app,impl,libs.plugins.snag.backend.module,test,/Users/timotej.adamec/StudioProjects/Snag/.claude/worktrees/commonize-photo/feat/users/be/app/impl/src/test,feat/users/be/app/impl/src/test,,0,0
:feat:users:be:app:model,feat,users,be,app,,libs.plugins.snag.backend.module,main,/Users/timotej.adamec/StudioProjects/Snag/.claude/worktrees/commonize-photo/feat/users/be/app/model/src/main,feat/users/be/app/model/src/main,backend,0,0
:feat:users:be:driven:impl,feat,users,be,driven,impl,libs.plugins.snag.driven.backend.module,main,/Users/timotej.adamec/StudioProjects/Snag/.claude/worktrees/commonize-photo/feat/users/be/driven/impl/src/main,feat/users/be/driven/impl/src/main,backend,0,0
:feat:users:be:driven:test,feat,users,be,driven,test,libs.plugins.snag.backend.module,main,/Users/timotej.adamec/StudioProjects/Snag/.claude/worktrees/commonize-photo/feat/users/be/driven/test/src/main,feat/users/be/driven/test/src/main,backend,0,0
:feat:users:be:driving:api,feat,users,be,driving,api,libs.plugins.snag.backend.module,main,/Users/timotej.adamec/StudioProjects/Snag/.claude/worktrees/commonize-photo/feat/users/be/driving/api/src/main,feat/users/be/driving/api/src/main,backend,0,0
:feat:users:be:driving:impl,feat,users,be,driving,impl,libs.plugins.snag.impl.driving.backend.module,main,/Users/timotej.adamec/StudioProjects/Snag/.claude/worktrees/commonize-photo/feat/users/be/driving/impl/src/main,feat/users/be/driving/impl/src/main,backend,0,0
:feat:users:be:driving:impl,feat,users,be,driving,impl,libs.plugins.snag.impl.driving.backend.module,test,/Users/timotej.adamec/StudioProjects/Snag/.claude/worktrees/commonize-photo/feat/users/be/driving/impl/src/test,feat/users/be/driving/impl/src/test,,0,0
:feat:users:fe:app:api,feat,users,fe,app,api,libs.plugins.snag.frontend.multiplatform.module,commonMain,/Users/timotej.adamec/StudioProjects/Snag/.claude/worktrees/commonize-photo/feat/users/fe/app/api/src/commonMain,feat/users/fe/app/api/src/commonMain,frontend,0,0
:feat:users:fe:app:impl,feat,users,fe,app,impl,libs.plugins.snag.frontend.multiplatform.module,commonMain,/Users/timotej.adamec/StudioProjects/Snag/.claude/worktrees/commonize-photo/feat/users/fe/app/impl/src/commonMain,feat/users/fe/app/impl/src/commonMain,frontend,0,0
:feat:users:fe:app:impl,feat,users,fe,app,impl,libs.plugins.snag.frontend.multiplatform.module,commonTest,/Users/timotej.adamec/StudioProjects/Snag/.claude/worktrees/commonize-photo/feat/users/fe/app/impl/src/commonTest,feat/users/fe/app/impl/src/commonTest,,0,0
:feat:users:fe:driven:impl,feat,users,fe,driven,impl,libs.plugins.snag.driven.frontend.multiplatform.module,commonMain,/Users/timotej.adamec/StudioProjects/Snag/.claude/worktrees/commonize-photo/feat/users/fe/driven/impl/src/commonMain,feat/users/fe/driven/impl/src/commonMain,frontend,0,0
:feat:users:fe:driven:test,feat,users,fe,driven,test,libs.plugins.snag.driven.frontend.multiplatform.module,commonMain,/Users/timotej.adamec/StudioProjects/Snag/.claude/worktrees/commonize-photo/feat/users/fe/driven/test/src/commonMain,feat/users/fe/driven/test/src/commonMain,frontend,0,0
:feat:users:fe:driving:api,feat,users,fe,driving,api,libs.plugins.snag.driving.frontend.multiplatform.module,commonMain,/Users/timotej.adamec/StudioProjects/Snag/.claude/worktrees/commonize-photo/feat/users/fe/driving/api/src/commonMain,feat/users/fe/driving/api/src/commonMain,frontend,0,0
:feat:users:fe:driving:api,feat,users,fe,driving,api,libs.plugins.snag.driving.frontend.multiplatform.module,nonWebMain,/Users/timotej.adamec/StudioProjects/Snag/.claude/worktrees/commonize-photo/feat/users/fe/driving/api/src/nonWebMain,feat/users/fe/driving/api/src/nonWebMain,nonWeb_fe,0,0
:feat:users:fe:driving:api,feat,users,fe,driving,api,libs.plugins.snag.driving.frontend.multiplatform.module,webMain,/Users/timotej.adamec/StudioProjects/Snag/.claude/worktrees/commonize-photo/feat/users/fe/driving/api/src/webMain,feat/users/fe/driving/api/src/webMain,web,0,0
:feat:users:fe:driving:impl,feat,users,fe,driving,impl,libs.plugins.snag.driving.frontend.multiplatform.module,commonMain,/Users/timotej.adamec/StudioProjects/Snag/.claude/worktrees/commonize-photo/feat/users/fe/driving/impl/src/commonMain,feat/users/fe/driving/impl/src/commonMain,frontend,0,0
:feat:users:fe:driving:impl,feat,users,fe,driving,impl,libs.plugins.snag.driving.frontend.multiplatform.module,commonTest,/Users/timotej.adamec/StudioProjects/Snag/.claude/worktrees/commonize-photo/feat/users/fe/driving/impl/src/commonTest,feat/users/fe/driving/impl/src/commonTest,,0,0
:feat:users:fe:driving:impl,feat,users,fe,driving,impl,libs.plugins.snag.driving.frontend.multiplatform.module,nonWebMain,/Users/timotej.adamec/StudioProjects/Snag/.claude/worktrees/commonize-photo/feat/users/fe/driving/impl/src/nonWebMain,feat/users/fe/driving/impl/src/nonWebMain,nonWeb_fe,0,0
:feat:users:fe:driving:impl,feat,users,fe,driving,impl,libs.plugins.snag.driving.frontend.multiplatform.module,webMain,/Users/timotej.adamec/StudioProjects/Snag/.claude/worktrees/commonize-photo/feat/users/fe/driving/impl/src/webMain,feat/users/fe/driving/impl/src/webMain,web,0,0
:featShared:database:be:driven:api,featShared,database,be,driven,api,libs.plugins.snag.backend.module,main,/Users/timotej.adamec/StudioProjects/Snag/.claude/worktrees/commonize-photo/featShared/database/be/driven/api/src/main,featShared/database/be/driven/api/src/main,backend,0,0
:featShared:database:be:driven:impl,featShared,database,be,driven,impl,libs.plugins.snag.backend.module,main,/Users/timotej.adamec/StudioProjects/Snag/.claude/worktrees/commonize-photo/featShared/database/be/driven/impl/src/main,featShared/database/be/driven/impl/src/main,backend,0,0
:featShared:database:be:driven:test,featShared,database,be,driven,test,libs.plugins.snag.backend.module,main,/Users/timotej.adamec/StudioProjects/Snag/.claude/worktrees/commonize-photo/featShared/database/be/driven/test/src/main,featShared/database/be/driven/test/src/main,backend,0,0
:featShared:database:fe:driven:api,featShared,database,fe,driven,api,libs.plugins.snag.multiplatform.module,commonMain,/Users/timotej.adamec/StudioProjects/Snag/.claude/worktrees/commonize-photo/featShared/database/fe/driven/api/src/commonMain,featShared/database/fe/driven/api/src/commonMain,frontend,0,0
:featShared:database:fe:driven:impl,featShared,database,fe,driven,impl,libs.plugins.snag.multiplatform.module,commonMain,/Users/timotej.adamec/StudioProjects/Snag/.claude/worktrees/commonize-photo/featShared/database/fe/driven/impl/src/commonMain,featShared/database/fe/driven/impl/src/commonMain,frontend,0,0
:featShared:database:fe:driven:test,featShared,database,fe,driven,test,libs.plugins.snag.multiplatform.module,androidMain,/Users/timotej.adamec/StudioProjects/Snag/.claude/worktrees/commonize-photo/featShared/database/fe/driven/test/src/androidMain,featShared/database/fe/driven/test/src/androidMain,android,0,0
:featShared:database:fe:driven:test,featShared,database,fe,driven,test,libs.plugins.snag.multiplatform.module,commonMain,/Users/timotej.adamec/StudioProjects/Snag/.claude/worktrees/commonize-photo/featShared/database/fe/driven/test/src/commonMain,featShared/database/fe/driven/test/src/commonMain,frontend,0,0
:featShared:database:fe:driven:test,featShared,database,fe,driven,test,libs.plugins.snag.multiplatform.module,iosMain,/Users/timotej.adamec/StudioProjects/Snag/.claude/worktrees/commonize-photo/featShared/database/fe/driven/test/src/iosMain,featShared/database/fe/driven/test/src/iosMain,ios,0,0
:featShared:database:fe:driven:test,featShared,database,fe,driven,test,libs.plugins.snag.multiplatform.module,jvmMain,/Users/timotej.adamec/StudioProjects/Snag/.claude/worktrees/commonize-photo/featShared/database/fe/driven/test/src/jvmMain,featShared/database/fe/driven/test/src/jvmMain,jvm_desktop,0,0
:featShared:database:fe:driven:test,featShared,database,fe,driven,test,libs.plugins.snag.multiplatform.module,webMain,/Users/timotej.adamec/StudioProjects/Snag/.claude/worktrees/commonize-photo/featShared/database/fe/driven/test/src/webMain,featShared/database/fe/driven/test/src/webMain,web,0,0
:featShared:storage:be:driven:impl,featShared,storage,be,driven,impl,libs.plugins.snag.backend.module,main,/Users/timotej.adamec/StudioProjects/Snag/.claude/worktrees/commonize-photo/featShared/storage/be/driven/impl/src/main,featShared/storage/be/driven/impl/src/main,backend,0,0
:featShared:storage:fe:driven:impl,featShared,storage,fe,driven,impl,libs.plugins.snag.frontend.multiplatform.module,commonMain,/Users/timotej.adamec/StudioProjects/Snag/.claude/worktrees/commonize-photo/featShared/storage/fe/driven/impl/src/commonMain,featShared/storage/fe/driven/impl/src/commonMain,frontend,0,0
